,mZD,Gamma_ZD/(epsilon^2 GeV),Br(ZD->ll)/epsilon^2,Br(h->ZDZ^(*)->4l)/epsilon^2,Br(h->ZDZD->4l)/kappaprime^2,,,,,,,,,,,,,,,,,,,,
,0.36,0.00193,0.92,4.68E-06,1002.548745,,,,,,,,,,,,,,,,,,,,
,0.37,0.00202,0.913,4.91E-06,988.0423449,,,,,,,,,,,,,,,,,,,,
,0.38,0.0021,0.904,5.13E-06,968.4525733,,,,,,,,,,,,,,,,,,,,
,0.39,0.00215,0.911,5.44E-06,984.3379124,,,,,,,,,,,,,,,,,,,,
,0.4,0.00223,0.904,5.68E-06,968.9822814,,,,,,,,,,,,,,,,,,,,
,0.41,0.00233,0.892,5.89E-06,942.8176819,,,,,,,,,,,,,,,,,,,,
,0.42,0.00238,0.894,6.19E-06,946.6053394,,,,,,,,,,,,,,,,,,,,
,0.43,0.0025,0.873,6.34E-06,903.537076,,,,,,,,,,,,,,,,,,,,
,0.438,0.00261,0.856,6.45E-06,867.7626198,,,,,,,,,,,,,,,,,,,,
,0.44,0.00257,0.872,6.63E-06,901.1848625,,,,,,,,,,,,,,,,,,,,
,0.45,0.00269,0.855,6.80E-06,866.5693546,,,,,,,,,,,,,,,,,,,,
,0.46,0.00273,0.863,7.17E-06,882.9149698,,,,,,,,,,,,,,,,,,,,
,0.47,0.00287,0.84,7.29E-06,837.1890812,,,,,,,,,,,,,,,,,,,,
,0.48,0.003,0.822,7.44E-06,801.682535,,,,,,,,,,,,,,,,,,,,
,0.483,0.00302,0.82,7.51E-06,796.6440432,,,,,,,,,,,,,,,,,,,,
,0.5,0.00321,0.802,7.88E-06,763.2549185,,,,,,,,,,,,,,,,,,,,
,0.51,0.00335,0.784,8.01E-06,728.9486189,,,,,,,,,,,,,,,,,,,,
,0.52,0.00341,0.786,8.34E-06,731.6455501,,,,,,,,,,,,,,,,,,,,
,0.53,0.00363,0.752,8.30E-06,671.0498675,,,,,,,,,,,,,,,,,,,,
,0.54,0.0038,0.735,8.41E-06,639.7156916,,,,,,,,,,,,,,,,,,,,
,0.55,0.00394,0.722,8.58E-06,617.6952411,,,,,,,,,,,,,,,,,,,,
,0.56,0.0041,0.706,8.70E-06,590.7558387,,,,,,,,,,,,,,,,,,,,
,0.58,0.00449,0.669,8.83E-06,529.6510201,,,,,,,,,,,,,,,,,,,,
,0.59938,0.00508,0.611,8.62E-06,442.4553972,,,,,,,,,,,,,,,,,,,,
,0.6,0.0051,0.609,8.62E-06,440.0687152,,,,,,,,,,,,,,,,,,,,
,0.6024,0.00537,0.581,8.29E-06,400.531679,,,,,,,,,,,,,,,,,,,,
,0.6105,0.00546,0.58,8.49E-06,398.3765204,,,,,,,,,,,,,,,,,,,,
,0.6125,0.00552,0.576,8.48E-06,392.6181213,,,,,,,,,,,,,,,,,,,,
,0.62,0.00574,0.56,8.46E-06,372.0410439,,,,,,,,,,,,,,,,,,,,
,0.6205,0.00609,0.528,7.99E-06,330.808271,,,,,,,,,,,,,,,,,,,,
,0.62951,0.00627,0.521,8.10E-06,321.2856383,,,,,,,,,,,,,,,,,,,,
,0.63,0.00628,0.52,8.11E-06,320.7903246,,,,,,,,,,,,,,,,,,,,
,0.6305,0.00657,0.498,7.77E-06,293.4015426,,,,,,,,,,,,,,,,,,,,
,0.6375,0.00642,0.515,8.23E-06,314.6434092,,,,,,,,,,,,,,,,,,,,
,0.64,0.00636,0.522,8.40E-06,322.8117748,,,,,,,,,,,,,,,,,,,,
,0.64051,0.00677,0.491,7.91E-06,285.3414269,,,,,,,,,,,,,,,,,,,,
,0.6426,0.00705,0.473,7.67E-06,265.3254867,,,,,,,,,,,,,,,,,,,,
,0.65049,0.00745,0.453,7.53E-06,243.1954738,,,,,,,,,,,,,,,,,,,,
,0.65952,0.00799,0.428,7.32E-06,217.4097429,,,,,,,,,,,,,,,,,,,,
,0.66,0.00803,0.427,7.30E-06,215.9700466,,,,,,,,,,,,,,,,,,,,
,0.6605,0.00786,0.436,7.48E-06,225.7711778,,,,,,,,,,,,,,,,,,,,
,0.6626,0.00821,0.419,7.22E-06,207.9450997,,,,,,,,,,,,,,,,,,,,
,0.6705,0.00869,0.401,7.07E-06,190.1334862,,,,,,,,,,,,,,,,,,,,
,0.6776,0.00938,0.375,6.77E-06,166.8085897,,,,,,,,,,,,,,,,,,,,
,0.68059,0.0103,0.343,6.24E-06,139.3440344,,,,,,,,,,,,,,,,,,,,
,0.6875,0.0109,0.328,6.09E-06,127.4909326,,,,,,,,,,,,,,,,,,,,
,0.6876,0.0109,0.328,6.09E-06,127.3305928,,,,,,,,,,,,,,,,,,,,
,0.68956,0.011,0.326,6.09E-06,126.0378116,,,,,,,,,,,,,,,,,,,,
,0.69,0.011,0.326,6.09E-06,125.7488772,,,,,,,,,,,,,,,,,,,,
,0.69043,0.0109,0.33,6.18E-06,128.9214871,,,,,,,,,,,,,,,,,,,,
,0.6976,0.0119,0.304,5.81E-06,109.4154643,,,,,,,,,,,,,,,,,,,,
,0.7,0.0123,0.297,5.71E-06,104.3744167,,,,,,,,,,,,,,,,,,,,
,0.70052,0.0123,0.295,5.69E-06,103.3880617,,,,,,,,,,,,,,,,,,,,
,0.7076,0.0129,0.285,5.60E-06,96.0540147,,,,,,,,,,,,,,,,,,,,
,0.71047,0.014,0.264,5.23E-06,82.5169667,,,,,,,,,,,,,,,,,,,,
,0.7176,0.0144,0.259,5.25E-06,79.74508924,,,,,,,,,,,,,,,,,,,,
,0.71951,0.0153,0.245,4.98E-06,71.04809088,,,,,,,,,,,,,,,,,,,,
,0.72,0.0155,0.241,4.92E-06,69.04394259,,,,,,,,,,,,,,,,,,,,
,0.72025,0.0159,0.236,4.80E-06,65.87194213,,,,,,,,,,,,,,,,,,,,
,0.7276,0.0163,0.232,4.83E-06,63.89940459,,,,,,,,,,,,,,,,,,,,
,0.73024,0.0172,0.221,4.63E-06,57.83793477,,,,,,,,,,,,,,,,,,,,
,0.7375,0.0182,0.21,4.49E-06,52.32363523,,,,,,,,,,,,,,,,,,,,
,0.7376,0.0183,0.21,4.49E-06,52.25324527,,,,,,,,,,,,,,,,,,,,
,0.74,0.0216,0.178,3.83E-06,37.55935653,,,,,,,,,,,,,,,,,,,,
,0.7402,0.0189,0.204,4.39E-06,49.21996924,,,,,,,,,,,,,,,,,,,,
,0.7476,0.0198,0.196,4.31E-06,45.63182723,,,,,,,,,,,,,,,,,,,,
,0.7495,0.0203,0.192,4.24E-06,43.72263275,,,,,,,,,,,,,,,,,,,,
,0.74979,0.0204,0.191,4.23E-06,43.4370981,,,,,,,,,,,,,,,,,,,,
,0.75,0.0204,0.191,4.22E-06,43.25176435,,,,,,,,,,,,,,,,,,,,
,0.7502,0.0182,0.214,4.73E-06,54.1613644,,,,,,,,,,,,,,,,,,,,
,0.75028,0.0211,0.185,4.09E-06,40.5050377,,,,,,,,,,,,,,,,,,,,
,0.7504,0.0211,0.185,4.08E-06,40.40391835,,,,,,,,,,,,,,,,,,,,
,0.7576,0.0212,0.186,4.20E-06,41.04018215,,,,,,,,,,,,,,,,,,,,
,0.7595,0.0215,0.183,4.16E-06,39.89102031,,,,,,,,,,,,,,,,,,,,
,0.75979,0.0216,0.183,4.15E-06,39.71596705,,,,,,,,,,,,,,,,,,,,
,0.76,0.0218,0.181,4.12E-06,39.03020503,,,,,,,,,,,,,,,,,,,,
,0.76018,0.0226,0.175,3.97E-06,36.18305482,,,,,,,,,,,,,,,,,,,,
,0.7604,0.0223,0.177,4.03E-06,37.28661218,,,,,,,,,,,,,,,,,,,,
,0.7635,0.0222,0.179,4.10E-06,37.89250858,,,,,,,,,,,,,,,,,,,,
,0.76379,0.0222,0.179,4.10E-06,37.93918643,,,,,,,,,,,,,,,,,,,,
,0.764,0.0222,0.179,4.10E-06,37.81656132,,,,,,,,,,,,,,,,,,,,
,0.76417,0.0228,0.175,4.00E-06,36.10563935,,,,,,,,,,,,,,,,,,,,
,0.7644,0.0227,0.175,4.02E-06,36.30918676,,,,,,,,,,,,,,,,,,,,
,0.765,0.0228,0.175,4.02E-06,36.1923068,,,,,,,,,,,,,,,,,,,,
,0.7676,0.023,0.174,4.02E-06,35.69226844,,,,,,,,,,,,,,,,,,,,
,0.7695,0.0235,0.171,3.97E-06,34.4575137,,,,,,,,,,,,,,,,,,,,
,0.76979,0.0235,0.17,3.96E-06,34.25582565,,,,,,,,,,,,,,,,,,,,
,0.77,0.024,0.167,3.88E-06,32.94550809,,,,,,,,,,,,,,,,,,,,
,0.77011,0.025,0.16,3.73E-06,30.40761324,,,,,,,,,,,,,,,,,,,,
,0.7704,0.0247,0.162,3.78E-06,31.20553914,,,,,,,,,,,,,,,,,,,,
,0.7732,0.0258,0.156,3.65E-06,28.69752804,,,,,,,,,,,,,,,,,,,,
,0.7735,0.026,0.155,3.64E-06,28.38773351,,,,,,,,,,,,,,,,,,,,
,0.7736,0.0261,0.154,3.63E-06,28.25856665,,,,,,,,,,,,,,,,,,,,
,0.77379,0.0263,0.153,3.59E-06,27.65146328,,,,,,,,,,,,,,,,,,,,
,0.774,0.0266,0.151,3.56E-06,27.18814932,,,,,,,,,,,,,,,,,,,,
,0.77438,0.0264,0.152,3.59E-06,27.50956062,,,,,,,,,,,,,,,,,,,,
,0.7744,0.027,0.149,3.51E-06,26.33696062,,,,,,,,,,,,,,,,,,,,
,0.7756,0.029,0.139,3.29E-06,22.98603033,,,,,,,,,,,,,,,,,,,,
,0.7775,0.0317,0.128,3.03E-06,19.33932973,,,,,,,,,,,,,,,,,,,,
,0.7776,0.0318,0.127,3.02E-06,19.17410552,,,,,,,,,,,,,,,,,,,,
,0.77779,0.0325,0.125,2.96E-06,18.39184068,,,,,,,,,,,,,,,,,,,,
,0.778,0.0336,0.121,2.87E-06,17.22955935,,,,,,,,,,,,,,,,,,,,
,0.77811,0.0345,0.117,2.79E-06,16.31760406,,,,,,,,,,,,,,,,,,,,
,0.77817,0.0353,0.115,2.73E-06,15.59485993,,,,,,,,,,,,,,,,,,,,
,0.7782,0.0345,0.117,2.80E-06,16.35879281,,,,,,,,,,,,,,,,,,,,
,0.7784,0.0345,0.117,2.79E-06,16.30987449,,,,,,,,,,,,,,,,,,,,
,0.77871,0.035,0.116,2.75E-06,15.84078549,,,,,,,,,,,,,,,,,,,,
,0.77948,0.0366,0.111,2.65E-06,14.56044518,,,,,,,,,,,,,,,,,,,,
,0.7796,0.0368,0.11,2.63E-06,14.38005326,,,,,,,,,,,,,,,,,,,,
,0.77979,0.0378,0.107,2.56E-06,13.64380828,,,,,,,,,,,,,,,,,,,,
,0.7799,0.0387,0.105,2.50E-06,12.99941422,,,,,,,,,,,,,,,,,,,,
,0.78,0.0393,0.103,2.47E-06,12.634609,,,,,,,,,,,,,,,,,,,,
,0.78017,0.0405,0.1,2.39E-06,11.88547297,,,,,,,,,,,,,,,,,,,,
,0.7804,0.0409,0.0992,2.37E-06,11.65154485,,,,,,,,,,,,,,,,,,,,
,0.78059,0.0414,0.0981,2.35E-06,11.39541346,,,,,,,,,,,,,,,,,,,,
,0.78079,0.0419,0.097,2.32E-06,11.14669527,,,,,,,,,,,,,,,,,,,,
,0.781,0.0421,0.0966,2.31E-06,11.05754996,,,,,,,,,,,,,,,,,,,,
,0.7814,0.0427,0.0952,2.28E-06,10.73703692,,,,,,,,,,,,,,,,,,,,
,0.7816,0.0431,0.0943,2.26E-06,10.53030348,,,,,,,,,,,,,,,,,,,,
,0.78163,0.0432,0.094,2.26E-06,10.48190125,,,,,,,,,,,,,,,,,,,,
,0.78179,0.0437,0.093,2.23E-06,10.25691301,,,,,,,,,,,,,,,,,,,,
,0.782,0.0438,0.0929,2.23E-06,10.23615266,,,,,,,,,,,,,,,,,,,,
,0.78213,0.0433,0.094,2.26E-06,10.46035745,,,,,,,,,,,,,,,,,,,,
,0.78223,0.0423,0.0961,2.31E-06,10.94977621,,,,,,,,,,,,,,,,,,,,
,0.7824,0.0432,0.0941,2.26E-06,10.49587755,,,,,,,,,,,,,,,,,,,,
,0.78252,0.0433,0.0939,2.26E-06,10.45584969,,,,,,,,,,,,,,,,,,,,
,0.78279,0.0435,0.0936,2.25E-06,10.37580806,,,,,,,,,,,,,,,,,,,,
,0.7829,0.0435,0.0937,2.26E-06,10.39972361,,,,,,,,,,,,,,,,,,,,
,0.783,0.0425,0.0958,2.31E-06,10.86727731,,,,,,,,,,,,,,,,,,,,
,0.7832,0.0398,0.102,2.47E-06,12.441153,,,,,,,,,,,,,,,,,,,,
,0.7834,0.0412,0.0989,2.39E-06,11.59634863,,,,,,,,,,,,,,,,,,,,
,0.78351,0.0411,0.0992,2.39E-06,11.65499403,,,,,,,,,,,,,,,,,,,,
,0.7836,0.041,0.0994,2.40E-06,11.71333999,,,,,,,,,,,,,,,,,,,,
,0.78379,0.0407,0.1,2.42E-06,11.90258102,,,,,,,,,,,,,,,,,,,,
,0.784,0.0395,0.103,2.49E-06,12.63025277,,,,,,,,,,,,,,,,,,,,
,0.78424,0.0388,0.105,2.54E-06,13.10090789,,,,,,,,,,,,,,,,,,,,
,0.7844,0.0389,0.105,2.54E-06,13.04179582,,,,,,,,,,,,,,,,,,,,
,0.785,0.0359,0.114,2.76E-06,15.35121163,,,,,,,,,,,,,,,,,,,,
,0.7854,0.0341,0.12,2.90E-06,16.97497821,,,,,,,,,,,,,,,,,,,,
,0.78551,0.0337,0.121,2.94E-06,17.45453875,,,,,,,,,,,,,,,,,,,,
,0.7856,0.0333,0.123,2.98E-06,17.85271367,,,,,,,,,,,,,,,,,,,,
,0.78579,0.0328,0.125,3.02E-06,18.3710266,,,,,,,,,,,,,,,,,,,,
,0.786,0.0312,0.131,3.18E-06,20.4052353,,,,,,,,,,,,,,,,,,,,
,0.78604,0.0305,0.134,3.25E-06,21.25824066,,,,,,,,,,,,,,,,,,,,
,0.78618,0.0317,0.129,3.13E-06,19.70837403,,,,,,,,,,,,,,,,,,,,
,0.7864,0.0309,0.132,3.21E-06,20.71249432,,,,,,,,,,,,,,,,,,,,
,0.7876,0.0299,0.137,3.34E-06,22.27693661,,,,,,,,,,,,,,,,,,,,
,0.7882,0.0291,0.141,3.44E-06,23.55803692,,,,,,,,,,,,,,,,,,,,
,0.7892,0.0277,0.148,3.62E-06,25.96977622,,,,,,,,,,,,,,,,,,,,
,0.7895,0.0252,0.163,3.98E-06,31.37607007,,,,,,,,,,,,,,,,,,,,
,0.7896,0.0244,0.168,4.12E-06,33.51983409,,,,,,,,,,,,,,,,,,,,
,0.78979,0.0232,0.177,4.35E-06,37.31509731,,,,,,,,,,,,,,,,,,,,
,0.79,0.0232,0.177,4.34E-06,37.05007657,,,,,,,,,,,,,,,,,,,,
,0.79009,0.0238,0.173,4.23E-06,35.28644803,,,,,,,,,,,,,,,,,,,,
,0.7901,0.0239,0.172,4.22E-06,35.0805725,,,,,,,,,,,,,,,,,,,,
,0.7904,0.0238,0.173,4.25E-06,35.49722606,,,,,,,,,,,,,,,,,,,,
,0.7905,0.0237,0.174,4.26E-06,35.73705621,,,,,,,,,,,,,,,,,,,,
,0.7916,0.0228,0.18,4.44E-06,38.54318136,,,,,,,,,,,,,,,,,,,,
,0.7932,0.0198,0.209,5.16E-06,51.60257171,,,,,,,,,,,,,,,,,,,,
,0.79349,0.0198,0.208,5.15E-06,51.42752061,,,,,,,,,,,,,,,,,,,,
,0.79379,0.0199,0.208,5.14E-06,51.13864856,,,,,,,,,,,,,,,,,,,,
,0.794,0.0201,0.205,5.09E-06,49.97946803,,,,,,,,,,,,,,,,,,,,
,0.79414,0.0198,0.209,5.18E-06,51.75134894,,,,,,,,,,,,,,,,,,,,
,0.7944,0.0199,0.207,5.14E-06,50.88205108,,,,,,,,,,,,,,,,,,,,
,0.7976,0.0184,0.226,5.64E-06,60.40045692,,,,,,,,,,,,,,,,,,,,
,0.79949,0.0183,0.228,5.71E-06,61.36521259,,,,,,,,,,,,,,,,,,,,
,0.79979,0.0183,0.228,5.72E-06,61.49237359,,,,,,,,,,,,,,,,,,,,
,0.8,0.0186,0.224,5.63E-06,59.49811649,,,,,,,,,,,,,,,,,,,,
,0.80002,0.0186,0.224,5.63E-06,59.43417744,,,,,,,,,,,,,,,,,,,,
,0.8004,0.0183,0.228,5.74E-06,61.53924501,,,,,,,,,,,,,,,,,,,,
,0.8076,0.0165,0.254,6.51E-06,76.45585514,,,,,,,,,,,,,,,,,,,,
,0.80949,0.0164,0.257,6.62E-06,78.35267377,,,,,,,,,,,,,,,,,,,,
,0.80979,0.0164,0.258,6.64E-06,78.63979239,,,,,,,,,,,,,,,,,,,,
,0.81,0.0164,0.258,6.64E-06,78.58494997,,,,,,,,,,,,,,,,,,,,
,0.81014,0.0162,0.261,6.73E-06,80.69788744,,,,,,,,,,,,,,,,,,,,
,0.8104,0.0161,0.262,6.77E-06,81.52423445,,,,,,,,,,,,,,,,,,,,
,0.8125,0.0157,0.269,6.97E-06,85.496016,,,,,,,,,,,,,,,,,,,,
,0.8176,0.0149,0.285,7.49E-06,96.44414206,,,,,,,,,,,,,,,,,,,,
,0.81949,0.0149,0.286,7.55E-06,97.15326088,,,,,,,,,,,,,,,,,,,,
,0.82,0.0149,0.287,7.57E-06,97.33469742,,,,,,,,,,,,,,,,,,,,
,0.82002,0.0154,0.278,7.33E-06,91.27871313,,,,,,,,,,,,,,,,,,,,
,0.8276,0.0137,0.314,8.45E-06,116.7620245,,,,,,,,,,,,,,,,,,,,
,0.82997,0.0139,0.31,8.39E-06,113.8000523,,,,,,,,,,,,,,,,,,,,
,0.8375,0.0128,0.342,9.41E-06,138.2718849,,,,,,,,,,,,,,,,,,,,
,0.8376,0.0127,0.342,9.43E-06,138.6481748,,,,,,,,,,,,,,,,,,,,
,0.8391,0.0123,0.354,9.79E-06,148.4625811,,,,,,,,,,,,,,,,,,,,
,0.83947,0.0124,0.351,9.72E-06,145.9439488,,,,,,,,,,,,,,,,,,,,
,0.84,0.0126,0.347,9.61E-06,142.4391779,,,,,,,,,,,,,,,,,,,,
,0.8432,0.012,0.365,0.0000102,158.1407875,,,,,,,,,,,,,,,,,,,,
,0.8476,0.0118,0.374,0.0000105,165.5313768,,,,,,,,,,,,,,,,,,,,
,0.84924,0.0114,0.389,0.000011,179.2047531,,,,,,,,,,,,,,,,,,,,
,0.8576,0.0111,0.402,0.0000116,191.6049604,,,,,,,,,,,,,,,,,,,,
,0.8596,0.0116,0.385,0.0000112,175.3362453,,,,,,,,,,,,,,,,,,,,
,0.8625,0.0112,0.4,0.0000117,189.9389614,,,,,,,,,,,,,,,,,,,,
,0.8676,0.0105,0.431,0.0000128,220.4554507,,,,,,,,,,,,,,,,,,,,
,0.8695,0.0101,0.447,0.0000133,237.0577527,,,,,,,,,,,,,,,,,,,,
,0.8776,0.00977,0.468,0.0000142,259.1687702,,,,,,,,,,,,,,,,,,,,
,0.87945,0.00976,0.469,0.0000143,260.6951871,,,,,,,,,,,,,,,,,,,,
,0.87984,0.00976,0.469,0.0000143,261.0123875,,,,,,,,,,,,,,,,,,,,
,0.88,0.00975,0.47,0.0000143,261.3938678,,,,,,,,,,,,,,,,,,,,
,0.8875,0.00921,0.502,0.0000155,298.037652,,,,,,,,,,,,,,,,,,,,
,0.8876,0.00921,0.502,0.0000155,298.5765355,,,,,,,,,,,,,,,,,,,,
,0.88972,0.00903,0.513,0.000016,311.8968854,,,,,,,,,,,,,,,,,,,,
,0.8932,0.00928,0.501,0.0000157,297.6649394,,,,,,,,,,,,,,,,,,,,
,0.8976,0.00879,0.531,0.0000168,334.6793537,,,,,,,,,,,,,,,,,,,,
,0.90004,0.00883,0.53,0.0000169,333.4731123,,,,,,,,,,,,,,,,,,,,
,0.9076,0.00868,0.544,0.0000176,351.0890119,,,,,,,,,,,,,,,,,,,,
,0.91,0.00847,0.559,0.0000182,370.691468,,,,,,,,,,,,,,,,,,,,
,0.91002,0.00847,0.559,0.0000182,370.8657043,,,,,,,,,,,,,,,,,,,,
,0.915,0.00834,0.571,0.0000188,386.3028413,,,,,,,,,,,,,,,,,,,,
,0.9176,0.00828,0.577,0.0000191,394.5971212,,,,,,,,,,,,,,,,,,,,
,0.91943,0.00818,0.585,0.0000194,405.65559,,,,,,,,,,,,,,,,,,,,
,0.91956,0.00818,0.586,0.0000195,406.4615088,,,,,,,,,,,,,,,,,,,,
,0.92,0.00845,0.567,0.0000189,380.9503164,,,,,,,,,,,,,,,,,,,,
,0.9276,0.00802,0.602,0.0000204,429.5463257,,,,,,,,,,,,,,,,,,,,
,0.93011,0.00814,0.595,0.0000202,419.6295233,,,,,,,,,,,,,,,,,,,,
,0.9376,0.00777,0.629,0.0000217,468.2055102,,,,,,,,,,,,,,,,,,,,
,0.93945,0.00793,0.617,0.0000214,451.1386268,,,,,,,,,,,,,,,,,,,,
,0.94,0.00798,0.614,0.0000213,446.2356266,,,,,,,,,,,,,,,,,,,,
,0.94219,0.008,0.613,0.0000214,445.9035502,,,,,,,,,,,,,,,,,,,,
,0.9476,0.00763,0.647,0.0000228,496.2274959,,,,,,,,,,,,,,,,,,,,
,0.94945,0.00779,0.635,0.0000225,477.0964889,,,,,,,,,,,,,,,,,,,,
,0.95,0.00784,0.631,0.0000224,471.6196467,,,,,,,,,,,,,,,,,,,,
,0.95184,0.00781,0.635,0.0000226,477.519643,,,,,,,,,,,,,,,,,,,,
,0.954,0.0077,0.645,0.0000231,492.776922,,,,,,,,,,,,,,,,,,,,
,0.955,0.00766,0.649,0.0000233,499.8344218,,,,,,,,,,,,,,,,,,,,
,0.956,0.00761,0.654,0.0000235,506.7594994,,,,,,,,,,,,,,,,,,,,
,0.95745,0.00779,0.64,0.0000231,485.6943859,,,,,,,,,,,,,,,,,,,,
,0.9576,0.00781,0.639,0.000023,483.5868877,,,,,,,,,,,,,,,,,,,,
,0.958,0.00775,0.644,0.0000232,491.0182748,,,,,,,,,,,,,,,,,,,,
,0.96,0.00786,0.636,0.000023,479.7745896,,,,,,,,,,,,,,,,,,,,
,0.96152,0.00794,0.631,0.0000229,471.4713799,,,,,,,,,,,,,,,,,,,,
,0.963,0.00748,0.67,0.0000244,532.2955749,,,,,,,,,,,,,,,,,,,,
,0.9676,0.00767,0.657,0.0000242,511.4382152,,,,,,,,,,,,,,,,,,,,
,0.96946,0.00765,0.66,0.0000244,515.7951932,,,,,,,,,,,,,,,,,,,,
,0.97,0.00765,0.661,0.0000244,517.1117612,,,,,,,,,,,,,,,,,,,,
,0.971,0.00766,0.66,0.0000244,515.9496712,,,,,,,,,,,,,,,,,,,,
,0.9776,0.00774,0.658,0.0000247,512.8909629,,,,,,,,,,,,,,,,,,,,
,0.98,0.00786,0.649,0.0000245,499.2354261,,,,,,,,,,,,,,,,,,,,
,0.984,0.00729,0.703,0.0000267,585.3421796,,,,,,,,,,,,,,,,,,,,
,0.98402,0.00746,0.687,0.0000261,559.5435198,,,,,,,,,,,,,,,,,,,,
,0.9841,0.00746,0.687,0.0000262,559.7166606,,,,,,,,,,,,,,,,,,,,
,0.98421,0.00746,0.687,0.0000262,560.0015369,,,,,,,,,,,,,,,,,,,,
,0.985,0.0073,0.703,0.0000268,585.7794592,,,,,,,,,,,,,,,,,,,,
,0.98558,0.00736,0.697,0.0000266,576.4366985,,,,,,,,,,,,,,,,,,,,
,0.9875,0.00759,0.678,0.000026,544.5658156,,,,,,,,,,,,,,,,,,,,
,0.9876,0.0076,0.677,0.0000259,542.9598394,,,,,,,,,,,,,,,,,,,,
,0.99,0.0077,0.67,0.0000258,531.3600806,,,,,,,,,,,,,,,,,,,,
,0.993,0.00776,0.666,0.0000258,525.8054637,,,,,,,,,,,,,,,,,,,,
,0.994,0.0078,0.663,0.0000258,521.4135213,,,,,,,,,,,,,,,,,,,,
,0.9976,0.00826,0.629,0.0000246,468.9245389,,,,,,,,,,,,,,,,,,,,
,1,0.00856,0.608,0.0000239,438.3469528,,,,,,,,,,,,,,,,,,,,
,1.002,0.0084,0.622,0.0000245,457.8835336,,,,,,,,,,,,,,,,,,,,
,1.003,0.00847,0.616,0.0000244,450.3249722,,,,,,,,,,,,,,,,,,,,
,1.00371,0.00869,0.602,0.0000238,428.8877114,,,,,,,,,,,,,,,,,,,,
,1.00391,0.00867,0.603,0.0000239,430.8764017,,,,,,,,,,,,,,,,,,,,
,1.004,0.00873,0.599,0.0000237,425.1935931,,,,,,,,,,,,,,,,,,,,
,1.00425,0.00889,0.588,0.0000233,410.1903834,,,,,,,,,,,,,,,,,,,,
,1.00464,0.00891,0.587,0.0000233,408.6934773,,,,,,,,,,,,,,,,,,,,
,1.00496,0.00895,0.585,0.0000232,405.6337504,,,,,,,,,,,,,,,,,,,,
,1.005,0.00895,0.585,0.0000232,405.1832027,,,,,,,,,,,,,,,,,,,,
,1.0066,0.00914,0.574,0.0000228,389.8706508,,,,,,,,,,,,,,,,,,,,
,1.007,0.0092,0.57,0.0000227,384.9091791,,,,,,,,,,,,,,,,,,,,
,1.00862,0.011,0.478,0.0000191,270.9401623,,,,,,,,,,,,,,,,,,,,
,1.01,0.0115,0.456,0.0000183,246.3408551,,,,,,,,,,,,,,,,,,,,
,1.01017,0.0119,0.442,0.0000177,231.3591669,,,,,,,,,,,,,,,,,,,,
,1.01027,0.012,0.438,0.0000176,227.720214,,,,,,,,,,,,,,,,,,,,
,1.0103,0.0118,0.445,0.0000178,234.2047751,,,,,,,,,,,,,,,,,,,,
,1.01034,0.0116,0.453,0.0000182,243.3535962,,,,,,,,,,,,,,,,,,,,
,1.0107,0.0129,0.407,0.0000163,196.1007376,,,,,,,,,,,,,,,,,,,,
,1.01076,0.0132,0.4,0.0000161,189.5779247,,,,,,,,,,,,,,,,,,,,
,1.01086,0.0135,0.389,0.0000156,179.1327208,,,,,,,,,,,,,,,,,,,,
,1.011,0.0139,0.379,0.0000152,170.0874849,,,,,,,,,,,,,,,,,,,,
,1.0113,0.0145,0.364,0.0000146,157.1288681,,,,,,,,,,,,,,,,,,,,
,1.01276,0.0188,0.281,0.0000113,93.50757499,,,,,,,,,,,,,,,,,,,,
,1.013,0.0206,0.257,0.0000104,78.05742324,,,,,,,,,,,,,,,,,,,,
,1.01388,0.0233,0.227,9.16E-06,60.94547171,,,,,,,,,,,,,,,,,,,,
,1.015,0.0302,0.175,7.08E-06,36.26480018,,,,,,,,,,,,,,,,,,,,
,1.01525,0.0321,0.165,6.67E-06,32.11648168,,,,,,,,,,,,,,,,,,,,
,1.01543,0.0335,0.158,6.39E-06,29.50442387,,,,,,,,,,,,,,,,,,,,
,1.01566,0.0359,0.147,5.97E-06,25.68551501,,,,,,,,,,,,,,,,,,,,
,1.0157,0.0364,0.146,5.90E-06,25.09763604,,,,,,,,,,,,,,,,,,,,
,1.01575,0.0369,0.143,5.82E-06,24.38826633,,,,,,,,,,,,,,,,,,,,
,1.01599,0.0419,0.126,5.13E-06,18.91171181,,,,,,,,,,,,,,,,,,,,
,1.01607,0.0432,0.123,4.98E-06,17.82024288,,,,,,,,,,,,,,,,,,,,
,1.0162,0.0452,0.117,4.75E-06,16.24041081,,,,,,,,,,,,,,,,,,,,
,1.01637,0.0479,0.111,4.49E-06,14.47300947,,,,,,,,,,,,,,,,,,,,
,1.01654,0.0521,0.102,4.13E-06,12.25853318,,,,,,,,,,,,,,,,,,,,
,1.01668,0.0566,0.0936,3.80E-06,10.38858397,,,,,,,,,,,,,,,,,,,,
,1.01673,0.0574,0.0922,3.75E-06,10.08247897,,,,,,,,,,,,,,,,,,,,
,1.01678,0.0582,0.091,3.70E-06,9.807465576,,,,,,,,,,,,,,,,,,,,
,1.01685,0.0594,0.0892,3.63E-06,9.435101253,,,,,,,,,,,,,,,,,,,,
,1.01694,0.0613,0.0864,3.51E-06,8.848902061,,,,,,,,,,,,,,,,,,,,
,1.017,0.0622,0.0852,3.46E-06,8.600728595,,,,,,,,,,,,,,,,,,,,
,1.01709,0.0645,0.0821,3.34E-06,7.985309104,,,,,,,,,,,,,,,,,,,,
,1.0171,0.065,0.0816,3.32E-06,7.882114527,,,,,,,,,,,,,,,,,,,,
,1.01716,0.0675,0.0785,3.19E-06,7.302907934,,,,,,,,,,,,,,,,,,,,
,1.01726,0.0716,0.074,3.01E-06,6.495273586,,,,,,,,,,,,,,,,,,,,
,1.01759,0.0827,0.0641,2.61E-06,4.869014303,,,,,,,,,,,,,,,,,,,,
,1.01765,0.0854,0.0621,2.53E-06,4.56968447,,,,,,,,,,,,,,,,,,,,
,1.01766,0.0858,0.0618,2.52E-06,4.526488309,,,,,,,,,,,,,,,,,,,,
,1.01772,0.0882,0.0601,2.45E-06,4.279748277,,,,,,,,,,,,,,,,,,,,
,1.01782,0.0918,0.0578,2.35E-06,3.954228692,,,,,,,,,,,,,,,,,,,,
,1.01798,0.0976,0.0543,2.21E-06,3.499706216,,,,,,,,,,,,,,,,,,,,
,1.018,0.0985,0.0538,2.19E-06,3.432266196,,,,,,,,,,,,,,,,,,,,
,1.0181,0.103,0.0516,2.10E-06,3.153566285,,,,,,,,,,,,,,,,,,,,
,1.01814,0.104,0.0507,2.07E-06,3.051519487,,,,,,,,,,,,,,,,,,,,
,1.01821,0.109,0.0486,1.98E-06,2.795810544,,,,,,,,,,,,,,,,,,,,
,1.01828,0.114,0.0466,1.90E-06,2.571734662,,,,,,,,,,,,,,,,,,,,
,1.01832,0.117,0.0454,1.85E-06,2.442969853,,,,,,,,,,,,,,,,,,,,
,1.01848,0.12,0.0443,1.80E-06,2.32284577,,,,,,,,,,,,,,,,,,,,
,1.01862,0.123,0.0433,1.76E-06,2.219512444,,,,,,,,,,,,,,,,,,,,
,1.01864,0.123,0.0432,1.76E-06,2.2073169,,,,,,,,,,,,,,,,,,,,
,1.01868,0.124,0.0429,1.75E-06,2.183203885,,,,,,,,,,,,,,,,,,,,
,1.01878,0.125,0.0424,1.73E-06,2.125297456,,,,,,,,,,,,,,,,,,,,
,1.01881,0.125,0.0426,1.74E-06,2.150074166,,,,,,,,,,,,,,,,,,,,
,1.01887,0.128,0.0413,1.69E-06,2.024759384,,,,,,,,,,,,,,,,,,,,
,1.01896,0.132,0.0402,1.64E-06,1.915727136,,,,,,,,,,,,,,,,,,,,
,1.019,0.135,0.0394,1.61E-06,1.838416713,,,,,,,,,,,,,,,,,,,,
,1.01907,0.142,0.0375,1.53E-06,1.665901788,,,,,,,,,,,,,,,,,,,,
,1.0191,0.141,0.0376,1.53E-06,1.673384623,,,,,,,,,,,,,,,,,,,,
,1.01914,0.141,0.0377,1.54E-06,1.683439995,,,,,,,,,,,,,,,,,,,,
,1.01921,0.138,0.0385,1.57E-06,1.754071464,,,,,,,,,,,,,,,,,,,,
,1.01925,0.137,0.0387,1.58E-06,1.774126915,,,,,,,,,,,,,,,,,,,,
,1.01944,0.133,0.0398,1.63E-06,1.878406134,,,,,,,,,,,,,,,,,,,,
,1.01951,0.134,0.0395,1.61E-06,1.848278759,,,,,,,,,,,,,,,,,,,,
,1.01962,0.132,0.0404,1.65E-06,1.932461544,,,,,,,,,,,,,,,,,,,,
,1.01964,0.131,0.0406,1.66E-06,1.948393445,,,,,,,,,,,,,,,,,,,,
,1.01968,0.129,0.0411,1.68E-06,1.997036838,,,,,,,,,,,,,,,,,,,,
,1.01969,0.129,0.0411,1.68E-06,1.998023494,,,,,,,,,,,,,,,,,,,,
,1.01979,0.129,0.0411,1.68E-06,2.006049584,,,,,,,,,,,,,,,,,,,,
,1.02,0.125,0.0426,1.74E-06,2.152342022,,,,,,,,,,,,,,,,,,,,
,1.02006,0.124,0.0429,1.75E-06,2.18037446,,,,,,,,,,,,,,,,,,,,
,1.02013,0.123,0.0433,1.77E-06,2.216494075,,,,,,,,,,,,,,,,,,,,
,1.02043,0.11,0.0485,1.99E-06,2.789420915,,,,,,,,,,,,,,,,,,,,
,1.02058,0.108,0.0491,2.01E-06,2.860701103,,,,,,,,,,,,,,,,,,,,
,1.0206,0.108,0.0492,2.01E-06,2.869858265,,,,,,,,,,,,,,,,,,,,
,1.02065,0.1,0.0531,2.17E-06,3.334904842,,,,,,,,,,,,,,,,,,,,
,1.02076,0.0948,0.0561,2.30E-06,3.726209844,,,,,,,,,,,,,,,,,,,,
,1.02086,0.0907,0.0586,2.40E-06,4.075641336,,,,,,,,,,,,,,,,,,,,
,1.02096,0.0934,0.0569,2.33E-06,3.839001403,,,,,,,,,,,,,,,,,,,,
,1.021,0.0923,0.0576,2.36E-06,3.936751374,,,,,,,,,,,,,,,,,,,,
,1.02102,0.0914,0.0582,2.38E-06,4.013207478,,,,,,,,,,,,,,,,,,,,
,1.02141,0.0741,0.0718,2.94E-06,6.103753763,,,,,,,,,,,,,,,,,,,,
,1.0215,0.072,0.0739,3.03E-06,6.463944183,,,,,,,,,,,,,,,,,,,,
,1.02151,0.0718,0.0741,3.04E-06,6.505922938,,,,,,,,,,,,,,,,,,,,
,1.02154,0.0711,0.0748,3.07E-06,6.630422234,,,,,,,,,,,,,,,,,,,,
,1.02168,0.0644,0.0826,3.39E-06,8.084636453,,,,,,,,,,,,,,,,,,,,
,1.02182,0.0613,0.0868,3.56E-06,8.928963815,,,,,,,,,,,,,,,,,,,,
,1.02185,0.0606,0.0878,3.60E-06,9.127193198,,,,,,,,,,,,,,,,,,,,
,1.0219,0.0594,0.0896,3.68E-06,9.506258655,,,,,,,,,,,,,,,,,,,,
,1.022,0.057,0.0934,3.83E-06,10.33929624,,,,,,,,,,,,,,,,,,,,
,1.02207,0.0553,0.0963,3.95E-06,10.98973313,,,,,,,,,,,,,,,,,,,,
,1.02223,0.051,0.104,4.29E-06,12.90708681,,,,,,,,,,,,,,,,,,,,
,1.02232,0.0483,0.11,4.53E-06,14.41557168,,,,,,,,,,,,,,,,,,,,
,1.02246,0.0466,0.114,4.69E-06,15.45514085,,,,,,,,,,,,,,,,,,,,
,1.02267,0.0442,0.121,4.96E-06,17.23535604,,,,,,,,,,,,,,,,,,,,
,1.0227,0.0438,0.122,4.99E-06,17.49357202,,,,,,,,,,,,,,,,,,,,
,1.02274,0.0434,0.123,5.05E-06,17.84659825,,,,,,,,,,,,,,,,,,,,
,1.023,0.0408,0.13,5.37E-06,20.1758312,,,,,,,,,,,,,,,,,,,,
,1.02325,0.0384,0.139,5.70E-06,22.76926864,,,,,,,,,,,,,,,,,,,,
,1.02327,0.0382,0.139,5.74E-06,23.01587376,,,,,,,,,,,,,,,,,,,,
,1.02397,0.034,0.157,6.46E-06,29.11254,,,,,,,,,,,,,,,,,,,,
,1.02535,0.0273,0.195,8.07E-06,45.23998637,,,,,,,,,,,,,,,,,,,,
,1.02752,0.0177,0.302,0.0000125,108.0424901,,,,,,,,,,,,,,,,,,,,
,1.0277,0.0176,0.305,0.0000127,110.1514528,,,,,,,,,,,,,,,,,,,,
,1.02774,0.0176,0.304,0.0000126,109.5867092,,,,,,,,,,,,,,,,,,,,
,1.0278,0.0177,0.303,0.0000126,108.7473732,,,,,,,,,,,,,,,,,,,,
,1.028,0.0179,0.299,0.0000124,105.7210938,,,,,,,,,,,,,,,,,,,,
,1.02812,0.0171,0.313,0.000013,116.1854276,,,,,,,,,,,,,,,,,,,,
,1.02823,0.0163,0.328,0.0000136,127.1955357,,,,,,,,,,,,,,,,,,,,
,1.02841,0.0161,0.332,0.0000138,130.7324918,,,,,,,,,,,,,,,,,,,,
,1.0292,0.0154,0.347,0.0000145,143.0162994,,,,,,,,,,,,,,,,,,,,
,1.03358,0.0119,0.454,0.0000191,244.4129829,,,,,,,,,,,,,,,,,,,,
,1.0337,0.0117,0.459,0.0000193,249.9594758,,,,,,,,,,,,,,,,,,,,
,1.03372,0.0117,0.46,0.0000193,250.8931801,,,,,,,,,,,,,,,,,,,,
,1.03384,0.0116,0.465,0.0000195,256.6056716,,,,,,,,,,,,,,,,,,,,
,1.03386,0.0116,0.465,0.0000195,256.0393798,,,,,,,,,,,,,,,,,,,,
,1.034,0.0117,0.461,0.0000194,252.1273085,,,,,,,,,,,,,,,,,,,,
,1.03406,0.0117,0.46,0.0000193,250.4965311,,,,,,,,,,,,,,,,,,,,
,1.0375,0.0107,0.505,0.0000214,302.0755357,,,,,,,,,,,,,,,,,,,,
,1.03916,0.0102,0.53,0.0000225,332.7918389,,,,,,,,,,,,,,,,,,,,
,1.0393,0.0102,0.532,0.0000226,335.5997067,,,,,,,,,,,,,,,,,,,,
,1.03959,0.0101,0.537,0.0000228,341.4348901,,,,,,,,,,,,,,,,,,,,
,1.0396,0.0101,0.537,0.0000228,342.1600282,,,,,,,,,,,,,,,,,,,,
,1.03964,0.01,0.54,0.0000229,345.0689067,,,,,,,,,,,,,,,,,,,,
,1.0398,0.01,0.541,0.000023,346.1665288,,,,,,,,,,,,,,,,,,,,
,1.04,0.01,0.542,0.000023,347.551584,,,,,,,,,,,,,,,,,,,,
,1.044,0.00962,0.566,0.0000242,378.9355989,,,,,,,,,,,,,,,,,,,,
,1.046,0.00942,0.578,0.0000249,396.232533,,,,,,,,,,,,,,,,,,,,
,1.047,0.00925,0.59,0.0000254,412.0891043,,,,,,,,,,,,,,,,,,,,
,1.0496,0.00901,0.607,0.0000263,435.9022419,,,,,,,,,,,,,,,,,,,,
,1.0497,0.00899,0.608,0.0000263,438.0464695,,,,,,,,,,,,,,,,,,,,
,1.04981,0.00897,0.61,0.0000264,440.4212966,,,,,,,,,,,,,,,,,,,,
,1.05,0.00904,0.605,0.0000262,433.9156281,,,,,,,,,,,,,,,,,,,,
,1.053,0.00871,0.63,0.0000275,470.4098136,,,,,,,,,,,,,,,,,,,,
,1.058,0.00888,0.621,0.0000273,456.7865119,,,,,,,,,,,,,,,,,,,,
,1.05952,0.00857,0.644,0.0000284,491.4083819,,,,,,,,,,,,,,,,,,,,
,1.05966,0.00856,0.645,0.0000285,492.8642675,,,,,,,,,,,,,,,,,,,,
,1.06,0.00862,0.64,0.0000283,485.7425062,,,,,,,,,,,,,,,,,,,,
,1.061,0.00859,0.643,0.0000285,490.5302547,,,,,,,,,,,,,,,,,,,,
,1.0625,0.00855,0.647,0.0000287,496.0081146,,,,,,,,,,,,,,,,,,,,
,1.065,0.00854,0.65,0.000029,499.9832799,,,,,,,,,,,,,,,,,,,,
,1.067,0.00851,0.653,0.0000292,505.4491391,,,,,,,,,,,,,,,,,,,,
,1.068,0.00857,0.649,0.0000291,498.8105506,,,,,,,,,,,,,,,,,,,,
,1.07,0.00872,0.639,0.0000288,484.0270839,,,,,,,,,,,,,,,,,,,,
,1.076,0.00891,0.629,0.0000286,468.6016981,,,,,,,,,,,,,,,,,,,,
,1.077,0.00883,0.635,0.000029,477.9853362,,,,,,,,,,,,,,,,,,,,
,1.08,0.00867,0.649,0.0000297,498.6037144,,,,,,,,,,,,,,,,,,,,
,1.083,0.00851,0.663,0.0000306,520.5648554,,,,,,,,,,,,,,,,,,,,
,1.086,0.00835,0.678,0.0000314,544.2049832,,,,,,,,,,,,,,,,,,,,
,1.087,0.00833,0.679,0.0000316,546.948615,,,,,,,,,,,,,,,,,,,,
,1.0875,0.00836,0.677,0.0000315,543.5642393,,,,,,,,,,,,,,,,,,,,
,1.088,0.00839,0.675,0.0000314,540.3936098,,,,,,,,,,,,,,,,,,,,
,1.09,0.00848,0.67,0.0000313,531.8473794,,,,,,,,,,,,,,,,,,,,
,1.095,0.00839,0.68,0.000032,547.5794796,,,,,,,,,,,,,,,,,,,,
,1.096,0.00837,0.682,0.0000322,550.8103312,,,,,,,,,,,,,,,,,,,,
,1.097,0.00849,0.673,0.0000318,536.3748546,,,,,,,,,,,,,,,,,,,,
,1.098,0.00856,0.668,0.0000317,529.4098074,,,,,,,,,,,,,,,,,,,,
,1.1,0.00831,0.69,0.0000328,563.3241109,,,,,,,,,,,,,,,,,,,,
,1.103,0.00837,0.686,0.0000328,557.8991221,,,,,,,,,,,,,,,,,,,,
,1.106,0.00845,0.682,0.0000328,550.6964423,,,,,,,,,,,,,,,,,,,,
,1.107,0.00847,0.681,0.0000328,549.8079382,,,,,,,,,,,,,,,,,,,,
,1.11,0.00835,0.693,0.0000336,568.6428347,,,,,,,,,,,,,,,,,,,,
,1.111,0.00825,0.702,0.000034,583.2055262,,,,,,,,,,,,,,,,,,,,
,1.1125,0.00823,0.704,0.0000343,587.5923553,,,,,,,,,,,,,,,,,,,,
,1.117,0.00826,0.705,0.0000346,588.5297569,,,,,,,,,,,,,,,,,,,,
,1.12,0.00838,0.696,0.0000343,574.3567014,,,,,,,,,,,,,,,,,,,,
,1.123,0.00835,0.701,0.0000347,582.0356556,,,,,,,,,,,,,,,,,,,,
,1.127,0.0083,0.708,0.0000353,593.579074,,,,,,,,,,,,,,,,,,,,
,1.129,0.00837,0.703,0.0000352,585.0469001,,,,,,,,,,,,,,,,,,,,
,1.13,0.0086,0.685,0.0000344,555.6640798,,,,,,,,,,,,,,,,,,,,
,1.137,0.00854,0.694,0.0000352,569.8000631,,,,,,,,,,,,,,,,,,,,
,1.1375,0.00856,0.692,0.0000352,567.3580314,,,,,,,,,,,,,,,,,,,,
,1.14,0.00865,0.687,0.0000351,559.1831165,,,,,,,,,,,,,,,,,,,,
,1.142,0.00864,0.688,0.0000353,561.3679673,,,,,,,,,,,,,,,,,,,,
,1.143,0.00864,0.689,0.0000354,562.6764706,,,,,,,,,,,,,,,,,,,,
,1.148,0.0087,0.688,0.0000356,560.1418344,,,,,,,,,,,,,,,,,,,,
,1.15,0.00868,0.691,0.0000359,565.0696434,,,,,,,,,,,,,,,,,,,,
,1.152,0.00868,0.692,0.0000361,566.71638,,,,,,,,,,,,,,,,,,,,
,1.16,0.00887,0.681,0.000036,549.4373071,,,,,,,,,,,,,,,,,,,,
,1.1625,0.00873,0.694,0.0000369,570.7602223,,,,,,,,,,,,,,,,,,,,
,1.163,0.0087,0.696,0.000037,574.2025487,,,,,,,,,,,,,,,,,,,,
,1.164,0.00865,0.701,0.0000373,581.8902251,,,,,,,,,,,,,,,,,,,,
,1.167,0.00869,0.699,0.0000374,579.4593743,,,,,,,,,,,,,,,,,,,,
,1.17,0.009,0.677,0.0000364,542.9662025,,,,,,,,,,,,,,,,,,,,
,1.171,0.00907,0.673,0.0000363,536.6155523,,,,,,,,,,,,,,,,,,,,
,1.177,0.00904,0.678,0.0000369,545.2451469,,,,,,,,,,,,,,,,,,,,
,1.18,0.00902,0.681,0.0000373,550.0896029,,,,,,,,,,,,,,,,,,,,
,1.183,0.009,0.685,0.0000377,555.1470793,,,,,,,,,,,,,,,,,,,,
,1.186,0.00897,0.689,0.0000381,562.0086235,,,,,,,,,,,,,,,,,,,,
,1.187,0.00899,0.688,0.0000381,560.2437871,,,,,,,,,,,,,,,,,,,,
,1.1875,0.00897,0.69,0.0000382,563.4513603,,,,,,,,,,,,,,,,,,,,
,1.188,0.00895,0.692,0.0000384,566.7335949,,,,,,,,,,,,,,,,,,,,
,1.19,0.00888,0.698,0.0000389,577.3583441,,,,,,,,,,,,,,,,,,,,
,1.197,0.00913,0.683,0.0000385,553.0777199,,,,,,,,,,,,,,,,,,,,
,1.2,0.00919,0.681,0.0000385,548.6526553,,,,,,,,,,,,,,,,,,,,
,1.202,0.00922,0.679,0.0000386,546.1335182,,,,,,,,,,,,,,,,,,,,
,1.204,0.00921,0.681,0.0000388,550.1115327,,,,,,,,,,,,,,,,,,,,
,1.205,0.00925,0.679,0.0000388,546.3113921,,,,,,,,,,,,,,,,,,,,
,1.207,0.00938,0.671,0.0000384,532.6497381,,,,,,,,,,,,,,,,,,,,
,1.21,0.00943,0.669,0.0000385,529.828505,,,,,,,,,,,,,,,,,,,,
,1.2114,0.00936,0.674,0.0000389,538.864323,,,,,,,,,,,,,,,,,,,,
,1.2125,0.00927,0.681,0.0000394,549.8636759,,,,,,,,,,,,,,,,,,,,
,1.214,0.00919,0.688,0.0000399,561.47374,,,,,,,,,,,,,,,,,,,,
,1.217,0.00913,0.695,0.0000404,571.5886828,,,,,,,,,,,,,,,,,,,,
,1.22,0.00948,0.671,0.0000392,532.8702281,,,,,,,,,,,,,,,,,,,,
,1.224,0.0094,0.678,0.00004,545.0581339,,,,,,,,,,,,,,,,,,,,
,1.225,0.00938,0.68,0.0000401,548.1695163,,,,,,,,,,,,,,,,,,,,
,1.226,0.00938,0.681,0.0000402,549.2374299,,,,,,,,,,,,,,,,,,,,
,1.227,0.00938,0.682,0.0000403,550.4547731,,,,,,,,,,,,,,,,,,,,
,1.23,0.00968,0.662,0.0000394,519.1483644,,,,,,,,,,,,,,,,,,,,
,1.232,0.00964,0.666,0.0000397,525.5789267,,,,,,,,,,,,,,,,,,,,
,1.237,0.00996,0.647,0.0000389,496.0844506,,,,,,,,,,,,,,,,,,,,
,1.2375,0.00997,0.647,0.0000389,495.6673144,,,,,,,,,,,,,,,,,,,,
,1.24,0.00987,0.654,0.0000396,507.4240795,,,,,,,,,,,,,,,,,,,,
,1.246,0.00973,0.667,0.0000407,527.4972574,,,,,,,,,,,,,,,,,,,,
,1.247,0.00976,0.666,0.0000407,525.4159473,,,,,,,,,,,,,,,,,,,,
,1.25,0.00994,0.655,0.0000402,508.3870967,,,,,,,,,,,,,,,,,,,,
,1.251,0.00995,0.655,0.0000403,508.8035042,,,,,,,,,,,,,,,,,,,,
,1.252,0.00995,0.656,0.0000404,509.1035901,,,,,,,,,,,,,,,,,,,,
,1.257,0.01,0.653,0.0000406,505.8279136,,,,,,,,,,,,,,,,,,,,
,1.26,0.01,0.656,0.000041,510.4566668,,,,,,,,,,,,,,,,,,,,
,1.2625,0.01,0.655,0.000041,508.2518671,,,,,,,,,,,,,,,,,,,,
,1.266,0.01,0.658,0.0000414,512.1553638,,,,,,,,,,,,,,,,,,,,
,1.267,0.0101,0.655,0.0000413,508.3775996,,,,,,,,,,,,,,,,,,,,
,1.27,0.0104,0.639,0.0000405,484.2563608,,,,,,,,,,,,,,,,,,,,
,1.273,0.0101,0.658,0.0000419,512.4303184,,,,,,,,,,,,,,,,,,,,
,1.275,0.0101,0.659,0.0000421,514.5869614,,,,,,,,,,,,,,,,,,,,
,1.277,0.0101,0.66,0.0000423,516.781138,,,,,,,,,,,,,,,,,,,,
,1.28,0.0104,0.639,0.0000412,483.9542541,,,,,,,,,,,,,,,,,,,,
,1.285,0.0103,0.649,0.0000421,498.5121685,,,,,,,,,,,,,,,,,,,,
,1.286,0.0103,0.651,0.0000423,501.4516041,,,,,,,,,,,,,,,,,,,,
,1.287,0.0103,0.65,0.0000423,500.1586549,,,,,,,,,,,,,,,,,,,,
,1.2875,0.0103,0.649,0.0000423,498.3467536,,,,,,,,,,,,,,,,,,,,
,1.29,0.0105,0.64,0.0000419,485.9286566,,,,,,,,,,,,,,,,,,,,
,1.292,0.0103,0.655,0.000043,507.7370742,,,,,,,,,,,,,,,,,,,,
,1.296,0.0106,0.64,0.0000423,484.9050301,,,,,,,,,,,,,,,,,,,,
,1.297,0.0106,0.636,0.0000421,479.4902709,,,,,,,,,,,,,,,,,,,,
,1.3,0.0108,0.624,0.0000415,461.8035158,,,,,,,,,,,,,,,,,,,,
,1.304,0.0108,0.627,0.0000419,465.673242,,,,,,,,,,,,,,,,,,,,
,1.305,0.0108,0.628,0.000042,466.7112508,,,,,,,,,,,,,,,,,,,,
,1.307,0.0109,0.627,0.0000421,466.303854,,,,,,,,,,,,,,,,,,,,
,1.31,0.0109,0.628,0.0000424,466.8302177,,,,,,,,,,,,,,,,,,,,
,1.3125,0.0109,0.626,0.0000424,464.2758493,,,,,,,,,,,,,,,,,,,,
,1.314,0.0109,0.629,0.0000427,468.5248389,,,,,,,,,,,,,,,,,,,,
,1.317,0.0111,0.62,0.0000423,454.6154339,,,,,,,,,,,,,,,,,,,,
,1.32,0.0111,0.618,0.0000423,452.1408072,,,,,,,,,,,,,,,,,,,,
,1.325,0.011,0.63,0.0000435,469.6733958,,,,,,,,,,,,,,,,,,,,
,1.326,0.0109,0.632,0.0000437,473.1944559,,,,,,,,,,,,,,,,,,,,
,1.327,0.0109,0.634,0.0000439,476.8036599,,,,,,,,,,,,,,,,,,,,
,1.33,0.0112,0.618,0.000043,452.4709053,,,,,,,,,,,,,,,,,,,,
,1.335,0.0114,0.609,0.0000427,439.912504,,,,,,,,,,,,,,,,,,,,
,1.337,0.0115,0.606,0.0000426,434.7463031,,,,,,,,,,,,,,,,,,,,
,1.3375,0.0115,0.606,0.0000426,435.0597658,,,,,,,,,,,,,,,,,,,,
,1.34,0.0117,0.596,0.0000421,420.3532403,,,,,,,,,,,,,,,,,,,,
,1.345,0.0116,0.607,0.0000432,435.9715171,,,,,,,,,,,,,,,,,,,,
,1.346,0.0115,0.609,0.0000434,439.2428361,,,,,,,,,,,,,,,,,,,,
,1.347,0.0116,0.603,0.0000431,431.3971455,,,,,,,,,,,,,,,,,,,,
,1.35,0.0121,0.58,0.0000416,398.5638883,,,,,,,,,,,,,,,,,,,,
,1.353,0.0123,0.571,0.0000411,386.491708,,,,,,,,,,,,,,,,,,,,
,1.354,0.0123,0.573,0.0000413,388.3126043,,,,,,,,,,,,,,,,,,,,
,1.357,0.0123,0.577,0.0000418,394.0963008,,,,,,,,,,,,,,,,,,,,
,1.36,0.0122,0.581,0.0000423,400.15203,,,,,,,,,,,,,,,,,,,,
,1.362,0.0119,0.596,0.0000435,421.4010897,,,,,,,,,,,,,,,,,,,,
,1.3625,0.0119,0.595,0.0000435,419.9919124,,,,,,,,,,,,,,,,,,,,
,1.364,0.012,0.593,0.0000434,416.3860802,,,,,,,,,,,,,,,,,,,,
,1.365,0.012,0.591,0.0000433,413.864367,,,,,,,,,,,,,,,,,,,,
,1.367,0.0121,0.587,0.0000432,408.4834698,,,,,,,,,,,,,,,,,,,,
,1.368,0.0123,0.582,0.0000428,400.8601943,,,,,,,,,,,,,,,,,,,,
,1.37,0.0125,0.57,0.0000421,385.3726239,,,,,,,,,,,,,,,,,,,,
,1.374,0.0122,0.586,0.0000435,406.4120546,,,,,,,,,,,,,,,,,,,,
,1.377,0.0124,0.581,0.0000433,399.1955422,,,,,,,,,,,,,,,,,,,,
,1.38,0.0126,0.569,0.0000426,383.6741844,,,,,,,,,,,,,,,,,,,,
,1.387,0.0127,0.571,0.0000432,386.3281662,,,,,,,,,,,,,,,,,,,,
,1.3875,0.0127,0.571,0.0000432,385.7263965,,,,,,,,,,,,,,,,,,,,
,1.39,0.0128,0.567,0.0000431,380.850529,,,,,,,,,,,,,,,,,,,,
,1.393,0.0129,0.563,0.000043,375.3786346,,,,,,,,,,,,,,,,,,,,
,1.395,0.0133,0.547,0.0000419,354.2808395,,,,,,,,,,,,,,,,,,,,
,1.397,0.013,0.558,0.0000428,368.7672172,,,,,,,,,,,,,,,,,,,,
,1.3995,0.0134,0.544,0.0000419,351.0869105,,,,,,,,,,,,,,,,,,,,
,1.4,0.0135,0.542,0.0000418,348.5034503,,,,,,,,,,,,,,,,,,,,
,1.403,0.0131,0.56,0.0000433,371.2575559,,,,,,,,,,,,,,,,,,,,
,1.4125,0.0129,0.569,0.0000446,383.411744,,,,,,,,,,,,,,,,,,,,
,1.42,0.0131,0.567,0.000045,380.8331923,,,,,,,,,,,,,,,,,,,,
,1.425,0.0129,0.576,0.000046,392.5333647,,,,,,,,,,,,,,,,,,,,
,1.4375,0.0127,0.59,0.0000479,412.2153291,,,,,,,,,,,,,,,,,,,,
,1.44,0.0128,0.584,0.0000476,404.0311779,,,,,,,,,,,,,,,,,,,,
,1.441,0.0134,0.561,0.0000458,372.1771432,,,,,,,,,,,,,,,,,,,,
,1.45,0.0134,0.563,0.0000465,375.2686882,,,,,,,,,,,,,,,,,,,,
,1.46,0.0141,0.54,0.0000453,345.6643039,,,,,,,,,,,,,,,,,,,,
,1.4625,0.0142,0.535,0.000045,338.9597124,,,,,,,,,,,,,,,,,,,,
,1.475,0.0152,0.505,0.0000432,301.9529838,,,,,,,,,,,,,,,,,,,,
,1.48,0.0156,0.494,0.0000425,288.8305753,,,,,,,,,,,,,,,,,,,,
,1.4875,0.0159,0.486,0.0000423,280.2224005,,,,,,,,,,,,,,,,,,,,
,1.49,0.0162,0.48,0.0000419,272.9630567,,,,,,,,,,,,,,,,,,,,
,1.491,0.0163,0.478,0.0000418,270.1747385,,,,,,,,,,,,,,,,,,,,
,1.4995,0.0166,0.472,0.0000417,263.7147298,,,,,,,,,,,,,,,,,,,,
,1.5,0.0166,0.472,0.0000417,263.3218045,,,,,,,,,,,,,,,,,,,,
,1.505,0.0165,0.476,0.0000424,268.257351,,,,,,,,,,,,,,,,,,,,
,1.5125,0.0165,0.478,0.000043,270.7481786,,,,,,,,,,,,,,,,,,,,
,1.5245,0.0168,0.474,0.0000433,266.223636,,,,,,,,,,,,,,,,,,,,
,1.525,0.0168,0.474,0.0000434,266.0456165,,,,,,,,,,,,,,,,,,,,
,1.53,0.0168,0.474,0.0000436,265.7117035,,,,,,,,,,,,,,,,,,,,
,1.5375,0.0169,0.473,0.000044,265.1530128,,,,,,,,,,,,,,,,,,,,
,1.54,0.017,0.472,0.000044,263.4107396,,,,,,,,,,,,,,,,,,,,
,1.55,0.0174,0.465,0.000044,256.6057421,,,,,,,,,,,,,,,,,,,,
,1.56,0.0176,0.463,0.0000443,253.3671356,,,,,,,,,,,,,,,,,,,,
,1.5625,0.0173,0.47,0.0000451,261.4945236,,,,,,,,,,,,,,,,,,,,
,1.57,0.0175,0.468,0.0000454,259.9254757,,,,,,,,,,,,,,,,,,,,
,1.5745,0.0175,0.468,0.0000456,259.1478424,,,,,,,,,,,,,,,,,,,,
,1.575,0.0176,0.468,0.0000456,259.0568069,,,,,,,,,,,,,,,,,,,,
,1.58,0.0178,0.464,0.0000455,254.5165382,,,,,,,,,,,,,,,,,,,,
,1.5875,0.018,0.46,0.0000456,250.7802933,,,,,,,,,,,,,,,,,,,,
,1.5895,0.0182,0.456,0.0000454,246.5208945,,,,,,,,,,,,,,,,,,,,
,1.59,0.0182,0.455,0.0000453,245.4959117,,,,,,,,,,,,,,,,,,,,
,1.6,0.0185,0.45,0.0000454,240.1118744,,,,,,,,,,,,,,,,,,,,
,1.6065,0.0184,0.454,0.0000461,243.9683884,,,,,,,,,,,,,,,,,,,,
,1.61,0.0184,0.455,0.0000465,245.6795402,,,,,,,,,,,,,,,,,,,,
,1.612,0.0184,0.456,0.0000467,246.6881163,,,,,,,,,,,,,,,,,,,,
,1.6125,0.0184,0.457,0.0000467,247.124299,,,,,,,,,,,,,,,,,,,,
,1.62,0.0187,0.452,0.0000467,241.7049224,,,,,,,,,,,,,,,,,,,,
,1.625,0.0185,0.458,0.0000476,248.0332762,,,,,,,,,,,,,,,,,,,,
,1.63,0.0189,0.449,0.000047,239.010191,,,,,,,,,,,,,,,,,,,,
,1.633,0.0191,0.445,0.0000466,233.9882681,,,,,,,,,,,,,,,,,,,,
,1.637,0.0194,0.439,0.0000463,227.9870291,,,,,,,,,,,,,,,,,,,,
,1.6375,0.0195,0.438,0.0000462,227.439674,,,,,,,,,,,,,,,,,,,,
,1.64,0.0204,0.418,0.0000443,207.1838976,,,,,,,,,,,,,,,,,,,,
,1.65,0.0213,0.403,0.0000432,192.4875785,,,,,,,,,,,,,,,,,,,,
,1.653,0.0211,0.408,0.0000439,197.0563314,,,,,,,,,,,,,,,,,,,,
,1.66,0.0206,0.419,0.0000455,208.1766796,,,,,,,,,,,,,,,,,,,,
,1.662,0.02,0.433,0.0000471,222.0428151,,,,,,,,,,,,,,,,,,,,
,1.6625,0.0199,0.436,0.0000474,224.7547664,,,,,,,,,,,,,,,,,,,,
,1.67,0.0201,0.432,0.0000474,221.0383758,,,,,,,,,,,,,,,,,,,,
,1.6745,0.0203,0.43,0.0000474,218.4810379,,,,,,,,,,,,,,,,,,,,
,1.675,0.0203,0.429,0.0000474,218.2202391,,,,,,,,,,,,,,,,,,,,
,1.68,0.0205,0.428,0.0000476,217.0284594,,,,,,,,,,,,,,,,,,,,
,1.6875,0.02,0.44,0.0000493,228.8543829,,,,,,,,,,,,,,,,,,,,
,1.69,0.0201,0.438,0.0000493,227.3728548,,,,,,,,,,,,,,,,,,,,
,1.7,0.0206,0.43,0.0000489,219.206318,,,,,,,,,,,,,,,,,,,,
,1.71,0.0204,0.436,0.0000502,225.1498646,,,,,,,,,,,,,,,,,,,,
,1.712,0.0203,0.439,0.0000506,227.9617831,,,,,,,,,,,,,,,,,,,,
,1.7125,0.0203,0.44,0.0000508,229.0981799,,,,,,,,,,,,,,,,,,,,
,1.72,0.0206,0.435,0.0000507,224.4008253,,,,,,,,,,,,,,,,,,,,
,1.725,0.0204,0.442,0.0000517,230.9459405,,,,,,,,,,,,,,,,,,,,
,1.73,0.0203,0.445,0.0000524,234.066338,,,,,,,,,,,,,,,,,,,,
,1.7375,0.0202,0.448,0.0000532,237.5675504,,,,,,,,,,,,,,,,,,,,
,1.74,0.0207,0.437,0.0000521,226.2827292,,,,,,,,,,,,,,,,,,,,
,1.7485,0.0209,0.436,0.0000525,225.4998423,,,,,,,,,,,,,,,,,,,,
,1.7495,0.0209,0.436,0.0000526,225.3972429,,,,,,,,,,,,,,,,,,,,
,1.75,0.0209,0.436,0.0000526,225.3420369,,,,,,,,,,,,,,,,,,,,
,1.756,0.0222,0.413,0.0000501,201.6176961,,,,,,,,,,,,,,,,,,,,
,1.76,0.022,0.418,0.0000509,206.3786059,,,,,,,,,,,,,,,,,,,,
,1.762,0.0213,0.431,0.0000526,219.6134765,,,,,,,,,,,,,,,,,,,,
,1.7625,0.0211,0.436,0.0000533,225.3060236,,,,,,,,,,,,,,,,,,,,
,1.769,0.0195,0.474,0.0000584,265.9992236,,,,,,,,,,,,,,,,,,,,
,1.77,0.0198,0.466,0.0000574,256.6549685,,,,,,,,,,,,,,,,,,,,
,1.775,0.0218,0.425,0.0000527,213.8200707,,,,,,,,,,,,,,,,,,,,
,1.78,0.0217,0.427,0.0000533,216.0320109,,,,,,,,,,,,,,,,,,,,
,1.7875,0.0207,0.45,0.0000566,239.9584052,,,,,,,,,,,,,,,,,,,,
,1.79,0.0207,0.451,0.0000569,240.6158055,,,,,,,,,,,,,,,,,,,,
,1.792,0.0207,0.45,0.0000569,240.0239947,,,,,,,,,,,,,,,,,,,,
,1.8,0.0209,0.448,0.0000572,237.7583193,,,,,,,,,,,,,,,,,,,,
,1.81,0.0199,0.474,0.0000612,266.218492,,,,,,,,,,,,,,,,,,,,
,1.812,0.0198,0.478,0.0000618,270.4422832,,,,,,,,,,,,,,,,,,,,
,1.8125,0.0197,0.479,0.0000619,271.1752049,,,,,,,,,,,,,,,,,,,,
,1.82,0.0206,0.46,0.0000599,249.9604408,,,,,,,,,,,,,,,,,,,,
,1.825,0.0202,0.47,0.0000617,261.8799515,,,,,,,,,,,,,,,,,,,,
,1.83,0.0211,0.453,0.0000597,242.841156,,,,,,,,,,,,,,,,,,,,
,1.835,0.022,0.436,0.0000578,224.7528897,,,,,,,,,,,,,,,,,,,,
,1.8375,0.0212,0.451,0.0000599,240.5247755,,,,,,,,,,,,,,,,,,,,
,1.84,0.0214,0.448,0.0000598,238.0250695,,,,,,,,,,,,,,,,,,,,
,1.85,0.019,0.509,0.0000685,306.3338709,,,,,,,,,,,,,,,,,,,,
,1.86,0.0191,0.507,0.0000691,304.3849217,,,,,,,,,,,,,,,,,,,,
,1.8625,0.0185,0.523,0.0000715,324.203561,,,,,,,,,,,,,,,,,,,,
,1.87,0.019,0.514,0.0000708,313.105499,,,,,,,,,,,,,,,,,,,,
,1.875,0.0192,0.508,0.0000703,305.1859694,,,,,,,,,,,,,,,,,,,,
,1.8775,0.0194,0.506,0.0000702,302.4910967,,,,,,,,,,,,,,,,,,,,
,1.88,0.0195,0.503,0.00007,299.9011766,,,,,,,,,,,,,,,,,,,,
,1.883,0.0192,0.511,0.0000714,309.2707365,,,,,,,,,,,,,,,,,,,,
,1.8875,0.0188,0.522,0.0000732,322.6894116,,,,,,,,,,,,,,,,,,,,
,1.89,0.019,0.518,0.0000729,317.8605573,,,,,,,,,,,,,,,,,,,,
,1.9,0.0198,0.501,0.0000712,297.0393135,,,,,,,,,,,,,,,,,,,,
,1.91,0.0192,0.518,0.0000744,317.0740367,,,,,,,,,,,,,,,,,,,,
,1.9125,0.0192,0.519,0.0000747,318.2742955,,,,,,,,,,,,,,,,,,,,
,1.92,0.0201,0.498,0.0000722,293.0597028,,,,,,,,,,,,,,,,,,,,
,1.925,0.0202,0.497,0.0000725,291.8075826,,,,,,,,,,,,,,,,,,,,
,1.93,0.0199,0.506,0.0000743,303.6234979,,,,,,,,,,,,,,,,,,,,
,1.9375,0.0195,0.519,0.0000767,318.8629249,,,,,,,,,,,,,,,,,,,,
,1.94,0.0205,0.493,0.000073,287.4858522,,,,,,,,,,,,,,,,,,,,
,1.945,0.02,0.508,0.0000757,305.4536464,,,,,,,,,,,,,,,,,,,,
,1.95,0.0213,0.478,0.0000716,270.7684603,,,,,,,,,,,,,,,,,,,,
,1.955,0.0191,0.533,0.0000803,336.5988955,,,,,,,,,,,,,,,,,,,,
,1.96,0.0222,0.46,0.0000696,250.2922363,,,,,,,,,,,,,,,,,,,,
,1.9625,0.021,0.488,0.000074,281.3851112,,,,,,,,,,,,,,,,,,,,
,1.97,0.0217,0.472,0.0000722,264.0938226,,,,,,,,,,,,,,,,,,,,
,1.971,0.0218,0.471,0.000072,262.1469382,,,,,,,,,,,,,,,,,,,,
,1.973,0.022,0.467,0.0000715,257.639106,,,,,,,,,,,,,,,,,,,,
,1.975,0.0223,0.462,0.000071,253.1341209,,,,,,,,,,,,,,,,,,,,
,1.98,0.0229,0.451,0.0000696,240.3615455,,,,,,,,,,,,,,,,,,,,
,1.9875,0.0218,0.474,0.0000738,266.4732574,,,,,,,,,,,,,,,,,,,,
,1.99,0.0223,0.465,0.0000726,256.3596361,,,,,,,,,,,,,,,,,,,,
,2,0.0218,0.478,0.0000754,270.9390435,,,,,,,,,,,,,,,,,,,,
,2.2,0.0251,0.457,0.0000871,246.6830332,,,,,,,,,,,,,,,,,,,,
,2.4,0.0274,0.457,0.000104,246.5969649,,,,,,,,,,,,,,,,,,,,
,2.5,0.0286,0.456,0.000112,245.4289974,,,,,,,,,,,,,,,,,,,,
,2.6,0.0306,0.443,0.000118,232.4970325,,,,,,,,,,,,,,,,,,,,
,2.7,0.0303,0.465,0.000134,255.7086945,,,,,,,,,,,,,,,,,,,,
,2.8,0.0304,0.48,0.000149,271.843446,,,,,,,,,,,,,,,,,,,,
,2.9,0.0319,0.474,0.000158,265.3819393,,,,,,,,,,,,,,,,,,,,
,3,0.0329,0.475,0.000169,266.5839111,,,,,,,,,,,,,,,,,,,,
,3.2,0.0351,0.475,0.000193,266.4572461,,,,,,,,,,,,,,,,,,,,
,3.4,0.0388,0.457,0.000209,246.0501826,,,,,,,,,,,,,,,,,,,,
,3.55,0.0402,0.461,0.00023,250.2412423,,,,,,,,,,,,,,,,,,,,
,3.598,0.0443,0.423,0.000217,211.283856,,,,,,,,,,,,,,,,,,,,
,3.67,0.0453,0.423,0.000226,210.5818827,,,,,,,,,,,,,,,,,,,,
,3.692,0.0448,0.43,0.000233,218.0917645,,,,,,,,,,,,,,,,,,,,
,3.7,0.0449,0.43,0.000233,217.7503887,,,,,,,,,,,,,,,,,,,,
,3.704,0.0456,0.424,0.000231,211.5457152,,,,,,,,,,,,,,,,,,,,
,3.71,0.0463,0.418,0.000228,205.9475254,,,,,,,,,,,,,,,,,,,,
,3.716,0.0439,0.441,0.000242,229.4161744,,,,,,,,,,,,,,,,,,,,
,3.728,0.0499,0.389,0.000215,178.4895219,,,,,,,,,,,,,,,,,,,,
,3.73,0.0462,0.421,0.000233,209.2869457,,,,,,,,,,,,,,,,,,,,
,3.74,0.0514,0.379,0.00021,169.4944771,,,,,,,,,,,,,,,,,,,,
,3.746,0.0497,0.393,0.000219,182.1637732,,,,,,,,,,,,,,,,,,,,
,3.75,0.0526,0.372,0.000207,162.8073676,,,,,,,,,,,,,,,,,,,,
,3.752,0.0586,0.334,0.000187,131.4783644,,,,,,,,,,,,,,,,,,,,
,3.758,0.0614,0.319,0.000179,120.0999358,,,,,,,,,,,,,,,,,,,,
,3.76,0.0515,0.38,0.000214,170.6718993,,,,,,,,,,,,,,,,,,,,
,3.762,0.0628,0.312,0.000175,114.8306335,,,,,,,,,,,,,,,,,,,,
,3.764,0.0605,0.324,0.000182,124.0020519,,,,,,,,,,,,,,,,,,,,
,3.766,0.0677,0.29,0.000163,99.2776468,,,,,,,,,,,,,,,,,,,,
,3.768,0.0618,0.318,0.000179,119.0452048,,,,,,,,,,,,,,,,,,,,
,3.77,0.064,0.307,0.000173,111.262651,,,,,,,,,,,,,,,,,,,,
,3.771,0.0588,0.334,0.000189,131.5824787,,,,,,,,,,,,,,,,,,,,
,3.772,0.0587,0.335,0.000189,132.1594363,,,,,,,,,,,,,,,,,,,,
,3.774,0.0697,0.282,0.000159,93.82918404,,,,,,,,,,,,,,,,,,,,
,3.776,0.0571,0.345,0.000195,140.1521661,,,,,,,,,,,,,,,,,,,,
,3.78,0.0617,0.32,0.000181,120.3510904,,,,,,,,,,,,,,,,,,,,
,3.782,0.0509,0.387,0.00022,177.0081197,,,,,,,,,,,,,,,,,,,,
,3.786,0.0583,0.338,0.000193,135.0191726,,,,,,,,,,,,,,,,,,,,
,3.788,0.0492,0.401,0.000229,189.7158155,,,,,,,,,,,,,,,,,,,,
,3.79,0.0539,0.366,0.000209,158.2852348,,,,,,,,,,,,,,,,,,,,
,3.794,0.0487,0.406,0.000232,194.786034,,,,,,,,,,,,,,,,,,,,
,3.8,0.0536,0.37,0.000212,161.1679172,,,,,,,,,,,,,,,,,,,,
,3.81,0.0511,0.389,0.000224,178.1638126,,,,,,,,,,,,,,,,,,,,
,3.812,0.0464,0.428,0.000247,215.9008658,,,,,,,,,,,,,,,,,,,,
,3.821,0.0529,0.377,0.000218,167.3457222,,,,,,,,,,,,,,,,,,,,
,3.824,0.0503,0.396,0.00023,185.2765725,,,,,,,,,,,,,,,,,,,,
,3.83,0.0522,0.383,0.000223,172.7115342,,,,,,,,,,,,,,,,,,,,
,3.836,0.0476,0.42,0.000245,207.9188875,,,,,,,,,,,,,,,,,,,,
,3.848,0.049,0.41,0.000241,197.8710395,,,,,,,,,,,,,,,,,,,,
,3.85,0.0517,0.388,0.000228,177.4535808,,,,,,,,,,,,,,,,,,,,
,3.86,0.0493,0.408,0.000242,196.3751103,,,,,,,,,,,,,,,,,,,,
,3.865,0.0582,0.346,0.000205,141.121356,,,,,,,,,,,,,,,,,,,,
,3.87,0.0555,0.363,0.000216,155.6628228,,,,,,,,,,,,,,,,,,,,
,3.872,0.0505,0.399,0.000238,187.9356681,,,,,,,,,,,,,,,,,,,,
,3.878,0.0512,0.395,0.000236,183.5035077,,,,,,,,,,,,,,,,,,,,
,3.884,0.053,0.382,0.000229,172.1831319,,,,,,,,,,,,,,,,,,,,
,3.886,0.0605,0.335,0.000201,132.1001549,,,,,,,,,,,,,,,,,,,,
,3.89,0.0525,0.386,0.000232,175.5959623,,,,,,,,,,,,,,,,,,,,
,3.896,0.0525,0.387,0.000233,176.3545004,,,,,,,,,,,,,,,,,,,,
,3.902,0.0547,0.372,0.000225,163.23235,,,,,,,,,,,,,,,,,,,,
,3.908,0.053,0.384,0.000233,173.8221924,,,,,,,,,,,,,,,,,,,,
,3.914,0.0595,0.343,0.000209,138.6273653,,,,,,,,,,,,,,,,,,,,
,3.92,0.0564,0.362,0.000221,154.4286624,,,,,,,,,,,,,,,,,,,,
,3.926,0.0544,0.376,0.00023,166.6493215,,,,,,,,,,,,,,,,,,,,
,3.93,0.0593,0.345,0.000212,140.5696443,,,,,,,,,,,,,,,,,,,,
,3.932,0.0582,0.352,0.000216,146.0062346,,,,,,,,,,,,,,,,,,,,
,3.938,0.0538,0.381,0.000235,171.3199484,,,,,,,,,,,,,,,,,,,,
,3.94,0.0571,0.36,0.000222,152.6693799,,,,,,,,,,,,,,,,,,,,
,3.944,0.0614,0.335,0.000207,132.306026,,,,,,,,,,,,,,,,,,,,
,3.95,0.0583,0.353,0.000219,147.023818,,,,,,,,,,,,,,,,,,,,
,3.956,0.0559,0.369,0.000229,160.1307617,,,,,,,,,,,,,,,,,,,,
,3.96,0.0559,0.369,0.00023,160.5921184,,,,,,,,,,,,,,,,,,,,
,3.962,0.0578,0.357,0.000223,150.3706045,,,,,,,,,,,,,,,,,,,,
,3.968,0.0598,0.346,0.000216,140.9893292,,,,,,,,,,,,,,,,,,,,
,3.97,0.0613,0.338,0.000211,134.3526503,,,,,,,,,,,,,,,,,,,,
,3.974,0.0625,0.331,0.000208,129.4059372,,,,,,,,,,,,,,,,,,,,
,3.98,0.0615,0.337,0.000212,134.1121008,,,,,,,,,,,,,,,,,,,,
,3.986,0.0664,0.313,0.000198,115.3789503,,,,,,,,,,,,,,,,,,,,
,3.99,0.0593,0.351,0.000222,144.8936512,,,,,,,,,,,,,,,,,,,,
,3.992,0.0632,0.329,0.000209,127.732722,,,,,,,,,,,,,,,,,,,,
,3.998,0.0632,0.33,0.000209,128.0254285,,,,,,,,,,,,,,,,,,,,
,4,0.0606,0.344,0.000219,139.6979989,,,,,,,,,,,,,,,,,,,,
,4.004,0.0629,0.332,0.000211,129.6007989,,,,,,,,,,,,,,,,,,,,
,4.01,0.0668,0.313,0.0002,115.3014731,,,,,,,,,,,,,,,,,,,,
,4.016,0.068,0.308,0.000197,111.6758872,,,,,,,,,,,,,,,,,,,,
,4.02,0.0743,0.282,0.000181,93.80097151,,,,,,,,,,,,,,,,,,,,
,4.022,0.0774,0.271,0.000174,86.5489106,,,,,,,,,,,,,,,,,,,,
,4.027,0.076,0.276,0.000178,89.8695189,,,,,,,,,,,,,,,,,,,,
,4.028,0.0771,0.272,0.000176,87.42635967,,,,,,,,,,,,,,,,,,,,
,4.03,0.0761,0.276,0.000178,89.83405612,,,,,,,,,,,,,,,,,,,,
,4.033,0.0734,0.286,0.000185,96.60965736,,,,,,,,,,,,,,,,,,,,
,4.034,0.0787,0.267,0.000173,84.12091252,,,,,,,,,,,,,,,,,,,,
,4.04,0.0752,0.28,0.000182,92.50445971,,,,,,,,,,,,,,,,,,,,
,4.046,0.0768,0.275,0.000179,88.91145065,,,,,,,,,,,,,,,,,,,,
,4.05,0.0729,0.29,0.000189,98.92239227,,,,,,,,,,,,,,,,,,,,
,4.052,0.075,0.282,0.000184,93.40489316,,,,,,,,,,,,,,,,,,,,
,4.058,0.0737,0.287,0.000188,97.12353345,,,,,,,,,,,,,,,,,,,,
,4.06,0.0775,0.273,0.000179,87.78989713,,,,,,,,,,,,,,,,,,,,
,4.064,0.0708,0.299,0.000196,105.3457503,,,,,,,,,,,,,,,,,,,,
,4.07,0.0718,0.295,0.000195,102.7895286,,,,,,,,,,,,,,,,,,,,
,4.076,0.0716,0.297,0.000196,103.6262351,,,,,,,,,,,,,,,,,,,,
,4.08,0.0736,0.289,0.000191,98.25838442,,,,,,,,,,,,,,,,,,,,
,4.082,0.0703,0.303,0.000201,107.9828728,,,,,,,,,,,,,,,,,,,,
,4.088,0.072,0.296,0.000197,103.1625421,,,,,,,,,,,,,,,,,,,,
,4.09,0.0719,0.296,0.000197,103.4426426,,,,,,,,,,,,,,,,,,,,
,4.094,0.0717,0.298,0.000198,104.3163464,,,,,,,,,,,,,,,,,,,,
,4.1,0.0721,0.296,0.000198,103.4679187,,,,,,,,,,,,,,,,,,,,
,4.105,0.0719,0.297,0.000199,104.1751039,,,,,,,,,,,,,,,,,,,,
,4.109,0.0724,0.296,0.000199,103.2018724,,,,,,,,,,,,,,,,,,,,
,4.11,0.0709,0.302,0.000203,107.6024482,,,,,,,,,,,,,,,,,,,,
,4.113,0.0738,0.29,0.000195,99.29528511,,,,,,,,,,,,,,,,,,,,
,4.118,0.0726,0.296,0.0002,103.0910494,,,,,,,,,,,,,,,,,,,,
,4.12,0.0731,0.294,0.000198,101.5588906,,,,,,,,,,,,,,,,,,,,
,4.121,0.0741,0.29,0.000196,98.91555674,,,,,,,,,,,,,,,,,,,,
,4.125,0.0743,0.289,0.000196,98.58423452,,,,,,,,,,,,,,,,,,,,
,4.129,0.0737,0.292,0.000198,100.5653685,,,,,,,,,,,,,,,,,,,,
,4.13,0.0721,0.299,0.000203,105.1105868,,,,,,,,,,,,,,,,,,,,
,4.133,0.0731,0.295,0.0002,102.3049892,,,,,,,,,,,,,,,,,,,,
,4.136,0.0725,0.297,0.000202,104.1024834,,,,,,,,,,,,,,,,,,,,
,4.14,0.0706,0.306,0.000209,110.1904106,,,,,,,,,,,,,,,,,,,,
,4.141,0.0734,0.294,0.000201,101.9113607,,,,,,,,,,,,,,,,,,,,
,4.147,0.0751,0.288,0.000197,97.49451365,,,,,,,,,,,,,,,,,,,,
,4.15,0.0749,0.289,0.000198,98.3093108,,,,,,,,,,,,,,,,,,,,
,4.153,0.0757,0.286,0.000196,96.31951583,,,,,,,,,,,,,,,,,,,,
,4.159,0.074,0.293,0.000202,101.1127084,,,,,,,,,,,,,,,,,,,,
,4.16,0.0741,0.293,0.000201,100.8061086,,,,,,,,,,,,,,,,,,,,
,4.165,0.0729,0.298,0.000205,104.3836023,,,,,,,,,,,,,,,,,,,,
,4.17,0.0743,0.292,0.000202,100.6977547,,,,,,,,,,,,,,,,,,,,
,4.171,0.0746,0.292,0.000202,100.1007348,,,,,,,,,,,,,,,,,,,,
,4.177,0.0738,0.295,0.000205,102.4115738,,,,,,,,,,,,,,,,,,,,
,4.18,0.0752,0.29,0.000201,98.85026443,,,,,,,,,,,,,,,,,,,,
,4.182,0.0774,0.282,0.000196,93.34274084,,,,,,,,,,,,,,,,,,,,
,4.185,0.0749,0.291,0.000203,99.95403317,,,,,,,,,,,,,,,,,,,,
,4.19,0.0728,0.3,0.00021,105.9873376,,,,,,,,,,,,,,,,,,,,
,4.195,0.0726,0.301,0.000211,106.8914047,,,,,,,,,,,,,,,,,,,,
,4.2,0.0722,0.303,0.000213,108.1345648,,,,,,,,,,,,,,,,,,,,
,4.201,0.0707,0.31,0.000217,112.8607649,,,,,,,,,,,,,,,,,,,,
,4.208,0.0707,0.31,0.000219,113.4783351,,,,,,,,,,,,,,,,,,,,
,4.21,0.0651,0.337,0.000238,133.7991364,,,,,,,,,,,,,,,,,,,,
,4.212,0.0705,0.311,0.00022,114.1379805,,,,,,,,,,,,,,,,,,,,
,4.214,0.069,0.318,0.000225,119.2553274,,,,,,,,,,,,,,,,,,,,
,4.22,0.0682,0.323,0.000229,122.4687658,,,,,,,,,,,,,,,,,,,,
,4.226,0.0627,0.352,0.00025,145.5571204,,,,,,,,,,,,,,,,,,,,
,4.23,0.0656,0.336,0.000239,133.0508093,,,,,,,,,,,,,,,,,,,,
,4.232,0.0635,0.347,0.000248,141.9424878,,,,,,,,,,,,,,,,,,,,
,4.238,0.0641,0.345,0.000246,139.8973818,,,,,,,,,,,,,,,,,,,,
,4.24,0.0661,0.334,0.000239,131.5760227,,,,,,,,,,,,,,,,,,,,
,4.244,0.0638,0.347,0.000249,141.7517659,,,,,,,,,,,,,,,,,,,,
,4.245,0.0632,0.35,0.000251,144.2275123,,,,,,,,,,,,,,,,,,,,
,4.25,0.0626,0.354,0.000254,147.2222435,,,,,,,,,,,,,,,,,,,,
,4.255,0.0624,0.355,0.000256,148.7134528,,,,,,,,,,,,,,,,,,,,
,4.256,0.064,0.347,0.00025,141.5651705,,,,,,,,,,,,,,,,,,,,
,4.26,0.0635,0.35,0.000253,143.9892332,,,,,,,,,,,,,,,,,,,,
,4.262,0.0649,0.343,0.000248,138.1016307,,,,,,,,,,,,,,,,,,,,
,4.265,0.0644,0.345,0.00025,140.4524702,,,,,,,,,,,,,,,,,,,,
,4.268,0.063,0.353,0.000256,146.9306458,,,,,,,,,,,,,,,,,,,,
,4.27,0.0669,0.333,0.000242,130.2910026,,,,,,,,,,,,,,,,,,,,
,4.274,0.0632,0.353,0.000256,146.3182728,,,,,,,,,,,,,,,,,,,,
,4.28,0.065,0.343,0.00025,138.5518714,,,,,,,,,,,,,,,,,,,,
,4.292,0.0642,0.349,0.000256,143.0020391,,,,,,,,,,,,,,,,,,,,
,4.3,0.0658,0.341,0.000251,136.6263478,,,,,,,,,,,,,,,,,,,,
,4.304,0.0684,0.328,0.000242,126.4693502,,,,,,,,,,,,,,,,,,,,
,4.316,0.0674,0.334,0.000247,131.005058,,,,,,,,,,,,,,,,,,,,
,4.32,0.0645,0.349,0.00026,143.5974646,,,,,,,,,,,,,,,,,,,,
,4.328,0.0687,0.329,0.000245,127.01664,,,,,,,,,,,,,,,,,,,,
,4.34,0.0692,0.327,0.000245,125.6373122,,,,,,,,,,,,,,,,,,,,
,4.35,0.071,0.319,0.000241,119.9768788,,,,,,,,,,,,,,,,,,,,
,4.352,0.0705,0.322,0.000243,121.8943198,,,,,,,,,,,,,,,,,,,,
,4.36,0.071,0.32,0.000242,120.6429201,,,,,,,,,,,,,,,,,,,,
,4.364,0.0731,0.311,0.000236,113.9413134,,,,,,,,,,,,,,,,,,,,
,4.376,0.0745,0.306,0.000234,110.370004,,,,,,,,,,,,,,,,,,,,
,4.38,0.0717,0.318,0.000243,119.2925684,,,,,,,,,,,,,,,,,,,,
,4.382,0.0759,0.301,0.00023,106.6934993,,,,,,,,,,,,,,,,,,,,
,4.388,0.0755,0.303,0.000232,107.9398401,,,,,,,,,,,,,,,,,,,,
,4.39,0.0717,0.319,0.000245,119.9574866,,,,,,,,,,,,,,,,,,,,
,4.394,0.0776,0.295,0.000227,102.5430951,,,,,,,,,,,,,,,,,,,,
,4.4,0.0773,0.297,0.000229,103.5642411,,,,,,,,,,,,,,,,,,,,
,4.406,0.0755,0.304,0.000235,108.7767329,,,,,,,,,,,,,,,,,,,,
,4.41,0.0756,0.304,0.000236,108.7438395,,,,,,,,,,,,,,,,,,,,
,4.412,0.0774,0.297,0.000231,103.9340634,,,,,,,,,,,,,,,,,,,,
,4.418,0.0785,0.293,0.000228,101.1647264,,,,,,,,,,,,,,,,,,,,
,4.42,0.0745,0.309,0.000241,112.3882848,,,,,,,,,,,,,,,,,,,,
,4.424,0.0785,0.294,0.000229,101.418355,,,,,,,,,,,,,,,,,,,,
,4.43,0.0791,0.292,0.000228,100.3415004,,,,,,,,,,,,,,,,,,,,
,4.436,0.0791,0.292,0.000229,100.4458619,,,,,,,,,,,,,,,,,,,,
,4.44,0.0769,0.301,0.000236,106.5531359,,,,,,,,,,,,,,,,,,,,
,4.442,0.0774,0.299,0.000235,105.2669605,,,,,,,,,,,,,,,,,,,,
,4.448,0.0779,0.298,0.000235,104.2846343,,,,,,,,,,,,,,,,,,,,
,4.45,0.0759,0.305,0.000241,109.7547631,,,,,,,,,,,,,,,,,,,,
,4.46,0.0762,0.305,0.000242,109.509666,,,,,,,,,,,,,,,,,,,,
,4.472,0.0774,0.301,0.00024,106.6356215,,,,,,,,,,,,,,,,,,,,
,4.48,0.0741,0.315,0.000252,116.895504,,,,,,,,,,,,,,,,,,,,
,4.484,0.075,0.312,0.00025,114.3261495,,,,,,,,,,,,,,,,,,,,
,4.496,0.0765,0.306,0.000247,110.4141931,,,,,,,,,,,,,,,,,,,,
,4.5,0.0739,0.318,0.000256,118.5936646,,,,,,,,,,,,,,,,,,,,
,4.52,0.0714,0.33,0.000269,127.9946524,,,,,,,,,,,,,,,,,,,,
,4.54,0.0716,0.331,0.000272,128.6657598,,,,,,,,,,,,,,,,,,,,
,4.56,0.0765,0.311,0.000258,113.4023213,,,,,,,,,,,,,,,,,,,,
,4.6,0.0752,0.319,0.000269,119.5275807,,,,,,,,,,,,,,,,,,,,
,4.8,0.0816,0.307,0.000282,110.5845744,,,,,,,,,,,,,,,,,,,,
,5,0.0828,0.315,0.000315,116.3440568,,,,,,,,,,,,,,,,,,,,
,5.2,0.086,0.315,0.000342,116.6556958,,,,,,,,,,,,,,,,,,,,
,6,0.0999,0.313,0.000455,114.597532,,,,,,,,,,,,,,,,,,,,
,6.5,0.112,0.304,0.00052,107.6456996,,,,,,,,,,,,,,,,,,,,
,7,0.122,0.299,0.000597,104.1793223,,,,,,,,,,,,,,,,,,,,
,7.3,0.125,0.305,0.000665,108.3616201,,,,,,,,,,,,,,,,,,,,
,7.4,0.132,0.292,0.000655,99.27200207,,,,,,,,,,,,,,,,,,,,
,7.44,0.123,0.315,0.000713,115.143746,,,,,,,,,,,,,,,,,,,,
,7.5,0.134,0.291,0.00067,98.31698984,,,,,,,,,,,,,,,,,,,,
,7.6,0.13,0.305,0.000722,108.0598332,,,,,,,,,,,,,,,,,,,,
,7.7,0.139,0.289,0.000702,96.7294201,,,,,,,,,,,,,,,,,,,,
,7.8,0.134,0.304,0.00076,107.2119509,,,,,,,,,,,,,,,,,,,,
,7.9,0.137,0.301,0.000772,104.8730699,,,,,,,,,,,,,,,,,,,,
,8,0.139,0.301,0.000791,104.4681862,,,,,,,,,,,,,,,,,,,,
,8.1,0.142,0.298,0.000805,102.5223565,,,,,,,,,,,,,,,,,,,,
,8.2,0.142,0.302,0.000837,105.2375554,,,,,,,,,,,,,,,,,,,,
,8.3,0.138,0.313,0.00089,113.2001489,,,,,,,,,,,,,,,,,,,,
,8.4,0.145,0.302,0.000881,105.3791567,,,,,,,,,,,,,,,,,,,,
,8.5,0.145,0.306,0.000916,108.2148167,,,,,,,,,,,,,,,,,,,,
,8.6,0.149,0.301,0.000921,104.2571035,,,,,,,,,,,,,,,,,,,,
,8.7,0.146,0.311,0.000976,111.4223645,,,,,,,,,,,,,,,,,,,,
,8.8,0.15,0.307,0.000986,108.2775657,,,,,,,,,,,,,,,,,,,,
,8.9,0.155,0.299,0.000983,102.4533053,,,,,,,,,,,,,,,,,,,,
,8.91,0.149,0.312,0.00103,111.9238964,,,,,,,,,,,,,,,,,,,,
,9,0.156,0.3,0.00101,103.602433,,,,,,,,,,,,,,,,,,,,
,9.1,0.157,0.302,0.00104,104.7718222,,,,,,,,,,,,,,,,,,,,
,9.2,0.157,0.305,0.00108,106.6088726,,,,,,,,,,,,,,,,,,,,
,9.28,0.152,0.317,0.00114,115.5110886,,,,,,,,,,,,,,,,,,,,
,9.3,0.16,0.303,0.0011,105.5534843,,,,,,,,,,,,,,,,,,,,
,9.36,0.157,0.31,0.00113,110.1292954,,,,,,,,,,,,,,,,,,,,
,9.39,0.159,0.309,0.00114,109.0851147,,,,,,,,,,,,,,,,,,,,
,9.4,0.157,0.312,0.00115,111.8190866,,,,,,,,,,,,,,,,,,,,
,9.415,0.161,0.305,0.00113,106.4195289,,,,,,,,,,,,,,,,,,,,
,9.45,0.167,0.294,0.0011,99.30562327,,,,,,,,,,,,,,,,,,,,
,9.46,0.159,0.309,0.00116,109.6976029,,,,,,,,,,,,,,,,,,,,
,9.5,0.164,0.302,0.00114,104.4262808,,,,,,,,,,,,,,,,,,,,
,9.51,0.167,0.298,0.00113,101.3342193,,,,,,,,,,,,,,,,,,,,
,9.6,0.164,0.306,0.00118,106.9067249,,,,,,,,,,,,,,,,,,,,
,9.7,0.165,0.307,0.00121,107.8038401,,,,,,,,,,,,,,,,,,,,
,9.8,0.168,0.304,0.00123,105.7561815,,,,,,,,,,,,,,,,,,,,
,9.9,0.167,0.308,0.00127,108.6212602,,,,,,,,,,,,,,,,,,,,
,10,0.174,0.3,0.00126,102.4380534,,,,,,,,,,,,,,,,,,,,
,10.04,0.173,0.303,0.00129,104.9032515,,,,,,,,,,,,,,,,,,,,
,10.1,0.173,0.305,0.00131,106.1335845,,,,,,,,,,,,,,,,,,,,
,10.2,0.172,0.308,0.00136,108.3450804,,,,,,,,,,,,,,,,,,,,
,10.295,0.174,0.309,0.00138,108.591616,,,,,,,,,,,,,,,,,,,,
,10.43,0.178,0.306,0.00141,106.4827771,,,,,,,,,,,,,,,,,,,,
,10.49,0.185,0.296,0.00138,99.31381216,,,,,,,,,,,,,,,,,,,,
,10.52,0.18,0.305,0.00143,105.7515179,,,,,,,,,,,,,,,,,,,,
,11.09,0.198,0.292,0.00154,96.49526176,,,,,,,,,,,,,,,,,,,,
,12,0.217,0.289,0.0018,93.55556782,,,,,,,,,,,,,,,,,,,,
,14,0.253,0.288,0.00252,91.42083455,,,,,,,,,,,,,,,,,,,,
,15,0.2715,0.288,0.00295,90.22492189,,,,,,,,,,,,,,,,,,,,
,16,0.29,0.288,0.00338,89.02900923,,,,,,,,,,,,,,,,,,,,
,18,0.327,0.287,0.00439,86.3558554,,,,,,,,,,,,,,,,,,,,
,20,0.365,0.286,0.00555,83.41641814,,,,,,,,,,,,,,,,,,,,
,22,0.403,0.285,0.00681,80.23834314,,,,,,,,,,,,,,,,,,,,
,24,0.442,0.284,0.00814,76.85383071,,,,,,,,,,,,,,,,,,,,
,25,0.462,0.2835,0.00877,75.07534628,,,,,,,,,,,,,,,,,,,,
,26,0.482,0.283,0.0094,73.29686185,,,,,,,,,,,,,,,,,,,,
,28,0.522,0.281,0.0104,69.60201707,,,,,,,,,,,,,,,,,,,,
,30,0.564,0.28,0.0108,65.80376285,,,,,,,,,,,,,,,,,,,,
,32,0.607,0.278,0.00961,61.93583623,,,,,,,,,,,,,,,,,,,,
,34,0.651,0.275,0.00599,58.03060067,,,,,,,,,,,,,,,,,,,,
,35,0.674,0.274,0.004895,56.07446524,,,,,,,,,,,,,,,,,,,,
,36,0.697,0.273,0.0038,54.11832981,,,,,,,,,,,,,,,,,,,,
,38,0.746,0.27,0.00312,50.22640647,,,,,,,,,,,,,,,,,,,,
,40,0.797,0.267,0.0028,46.37843589,,,,,,,,,,,,,,,,,,,,
,42,0.851,0.263,0.00263,42.59327677,,,,,,,,,,,,,,,,,,,,
,44,0.909,0.259,0.00253,38.88399215,,,,,,,,,,,,,,,,,,,,
,45,0.9405,0.2565,0.0025,37.07035104,,,,,,,,,,,,,,,,,,,,
,46,0.972,0.254,0.00247,35.25670993,,,,,,,,,,,,,,,,,,,,
,48,1.04,0.249,0.00242,31.70934487,,,,,,,,,,,,,,,,,,,,
,50,1.12,0.244,0.00238,28.23003295,,,,,,,,,,,,,,,,,,,,
,52,1.2,0.238,0.00235,24.79486335,,,,,,,,,,,,,,,,,,,,
,54,1.29,0.231,0.00232,21.36376363,,,,,,,,,,,,,,,,,,,,
,55,1.345,0.227,0.002305,19.61745758,,,,,,,,,,,,,,,,,,,,
,56,1.4,0.223,0.00229,17.87115152,,,,,,,,,,,,,,,,,,,,
,58,1.53,0.215,0.00225,14.19956935,,,,,,,,,,,,,,,,,,,,
,60,1.68,0.206,0.00221,10.07969479,,,,,,,,,,,,,,,,,,,,
,61,1.77,0.201,0.00219,7.177985098,,,,,,,,,,,,,,,,,,,,
,62,1.86,0.196,0.00217,4.276275407,,,,,,,,,,,,,,,,,,,,
,62.5,1.905,0.1935,0.00216,2.825420562,,,,,,,,,,,,,,,,,,,,
,64,2.09,0.186,0.00212,-,,,,,,,,,,,,,,,,,,,,
,66,2.37,0.174,0.00208,-,,,,,,,,,,,,,,,,,,,,
,68,2.73,0.163,0.00203,-,,,,,,,,,,,,,,,,,,,,
,70,3.21,0.15,0.00198,-,,,,,,,,,,,,,,,,,,,,
,72,3.87,0.138,0.00194,-,,,,,,,,,,,,,,,,,,,,
,74,4.79,0.125,0.00191,-,,,,,,,,,,,,,,,,,,,,
,76,6.17,0.113,0.0019,-,,,,,,,,,,,,,,,,,,,,
,78,8.34,0.102,0.00194,-,,,,,,,,,,,,,,,,,,,,
,80,12,0.0914,0.00205,-,,,,,,,,,,,,,,,,,,,,
,82,18.9,0.0827,0.00231,-,,,,,,,,,,,,,,,,,,,,
,84,34.1,0.0754,0.00285,-,,,,,,,,,,,,,,,,,,,,
,86,78.2,0.0695,0.00413,-,,,,,,,,,,,,,,,,,,,,
,88,308,0.0647,0.00823,-,,,,,,,,,,,,,,,,,,,,
,,,,,,,,,,,,,,,,,,,,,,,,,
,,,,,,,,,,,,,,,,,,,,,,,,,
,,,,,,,,,,,,,,,,,,,,,,,,,
,,,,,,,,,,,,,,,,,,,,,,,,,
,,,,,,,,,,,,,,,,,,,,,,,,,
,,,,,,,,,,,,,,,,,,,,,,,,,
,,,,,,,,,,,,,,,,,,,,,,,,,
,,,,,,,,,,,,,,,,,,,,,,,,,
,,,,,,,,,,,,,,,,,,,,,,,,,
,,,,,,,,,,,,,,,,,,,,,,,,,
,,,,,,,,,,,,,,,,,,,,,,,,,
,,,,,,,,,,,,,,,,,,,,,,,,,
,,,,,,,,,,,,,,,,,,,,,,,,,
,,,,,,,,,,,,,,,,,,,,,,,,,
,,,,,,,,,,,,,,,,,,,,,,,,,
,,,,,,,,,,,,,,,,,,,,,,,,,
,,,,,,,,,,,,,,,,,,,,,,,,,
,,,,,,,,,,,,,,,,,,,,,,,,,
,,,,,,,,,,,,,,,,,,,,,,,,,
,,,,,,,,,,,,,,,,,,,,,,,,,
,,,,,,,,,,,,,,,,,,,,,,,,,
,,,,,,,,,,,,,,,,,,,,,,,,,
,,,,,,,,,,,,,,,,,,,,,,,,,
,,,,,,,,,,,,,,,,,,,,,,,,,
,,,,,,,,,,,,,,,,,,,,,,,,,
,,,,,,,,,,,,,,,,,,,,,,,,,
,,,,,,,,,,,,,,,,,,,,,,,,,
,,,,,,,,,,,,,,,,,,,,,,,,,
,,,,,,,,,,,,,,,,,,,,,,,,,
,,,,,,,,,,,,,,,,,,,,,,,,,
,,,,,,,,,,,,,,,,,,,,,,,,,
,,,,,,,,,,,,,,,,,,,,,,,,,
,,,,,,,,,,,,,,,,,,,,,,,,,
,,,,,,,,,,,,,,,,,,,,,,,,,
,,,,,,,,,,,,,,,,,,,,,,,,,
,,,,,,,,,,,,,,,,,,,,,,,,,
,,,,,,,,,,,,,,,,,,,,,,,,,
,,,,,,,,,,,,,,,,,,,,,,,,,
,,,,,,,,,,,,,,,,,,,,,,,,,
,,,,,,,,,,,,,,,,,,,,,,,,,
,,,,,,,,,,,,,,,,,,,,,,,,,
,,,,,,,,,,,,,,,,,,,,,,,,,
,,,,,,,,,,,,,,,,,,,,,,,,,
,,,,,,,,,,,,,,,,,,,,,,,,,
,,,,,,,,,,,,,,,,,,,,,,,,,
,,,,,,,,,,,,,,,,,,,,,,,,,
,,,,,,,,,,,,,,,,,,,,,,,,,
,,,,,,,,,,,,,,,,,,,,,,,,,
,,,,,,,,,,,,,,,,,,,,,,,,,
,,,,,,,,,,,,,,,,,,,,,,,,,
,,,,,,,,,,,,,,,,,,,,,,,,,
,,,,,,,,,,,,,,,,,,,,,,,,,
,,,,,,,,,,,,,,,,,,,,,,,,,
,,,,,,,,,,,,,,,,,,,,,,,,,
,,,,,,,,,,,,,,,,,,,,,,,,,
,,,,,,,,,,,,,,,,,,,,,,,,,
,,,,,,,,,,,,,,,,,,,,,,,,,
,,,,,,,,,,,,,,,,,,,,,,,,,
,,,,,,,,,,,,,,,,,,,,,,,,,
,,,,,,,,,,,,,,,,,,,,,,,,,
,,,,,,,,,,,,,,,,,,,,,,,,,
,,,,,,,,,,,,,,,,,,,,,,,,,
,,,,,,,,,,,,,,,,,,,,,,,,,
,,,,,,,,,,,,,,,,,,,,,,,,,
,,,,,,,,,,,,,,,,,,,,,,,,,
,,,,,,,,,,,,,,,,,,,,,,,,,
,,,,,,,,,,,,,,,,,,,,,,,,,
,,,,,,,,,,,,,,,,,,,,,,,,,
,,,,,,,,,,,,,,,,,,,,,,,,,
,,,,,,,,,,,,,,,,,,,,,,,,,
,,,,,,,,,,,,,,,,,,,,,,,,,
,,,,,,,,,,,,,,,,,,,,,,,,,
,,,,,,,,,,,,,,,,,,,,,,,,,
,,,,,,,,,,,,,,,,,,,,,,,,,
,,,,,,,,,,,,,,,,,,,,,,,,,
,,,,,,,,,,,,,,,,,,,,,,,,,
,,,,,,,,,,,,,,,,,,,,,,,,,
,,,,,,,,,,,,,,,,,,,,,,,,,
,,,,,,,,,,,,,,,,,,,,,,,,,
,,,,,,,,,,,,,,,,,,,,,,,,,
,,,,,,,,,,,,,,,,,,,,,,,,,
,,,,,,,,,,,,,,,,,,,,,,,,,
,,,,,,,,,,,,,,,,,,,,,,,,,
,,,,,,,,,,,,,,,,,,,,,,,,,
,,,,,,,,,,,,,,,,,,,,,,,,,
,,,,,,,,,,,,,,,,,,,,,,,,,
,,,,,,,,,,,,,,,,,,,,,,,,,
,,,,,,,,,,,,,,,,,,,,,,,,,
,,,,,,,,,,,,,,,,,,,,,,,,,
,,,,,,,,,,,,,,,,,,,,,,,,,
,,,,,,,,,,,,,,,,,,,,,,,,,
,,,,,,,,,,,,,,,,,,,,,,,,,
,,,,,,,,,,,,,,,,,,,,,,,,,
,,,,,,,,,,,,,,,,,,,,,,,,,
,,,,,,,,,,,,,,,,,,,,,,,,,
,,,,,,,,,,,,,,,,,,,,,,,,,
,,,,,,,,,,,,,,,,,,,,,,,,,
,,,,,,,,,,,,,,,,,,,,,,,,,
,,,,,,,,,,,,,,,,,,,,,,,,,
,,,,,,,,,,,,,,,,,,,,,,,,,
,,,,,,,,,,,,,,,,,,,,,,,,,
,,,,,,,,,,,,,,,,,,,,,,,,,
,,,,,,,,,,,,,,,,,,,,,,,,,
,,,,,,,,,,,,,,,,,,,,,,,,,
,,,,,,,,,,,,,,,,,,,,,,,,,
,,,,,,,,,,,,,,,,,,,,,,,,,
,,,,,,,,,,,,,,,,,,,,,,,,,
,,,,,,,,,,,,,,,,,,,,,,,,,
,,,,,,,,,,,,,,,,,,,,,,,,,
,,,,,,,,,,,,,,,,,,,,,,,,,
,,,,,,,,,,,,,,,,,,,,,,,,,
,,,,,,,,,,,,,,,,,,,,,,,,,
,,,,,,,,,,,,,,,,,,,,,,,,,
,,,,,,,,,,,,,,,,,,,,,,,,,
,,,,,,,,,,,,,,,,,,,,,,,,,
,,,,,,,,,,,,,,,,,,,,,,,,,
,,,,,,,,,,,,,,,,,,,,,,,,,
,,,,,,,,,,,,,,,,,,,,,,,,,
,,,,,,,,,,,,,,,,,,,,,,,,,
,,,,,,,,,,,,,,,,,,,,,,,,,
,,,,,,,,,,,,,,,,,,,,,,,,,
,,,,,,,,,,,,,,,,,,,,,,,,,
,,,,,,,,,,,,,,,,,,,,,,,,,
,,,,,,,,,,,,,,,,,,,,,,,,,
,,,,,,,,,,,,,,,,,,,,,,,,,
,,,,,,,,,,,,,,,,,,,,,,,,,
,,,,,,,,,,,,,,,,,,,,,,,,,
,,,,,,,,,,,,,,,,,,,,,,,,,
,,,,,,,,,,,,,,,,,,,,,,,,,
,,,,,,,,,,,,,,,,,,,,,,,,,
,,,,,,,,,,,,,,,,,,,,,,,,,
,,,,,,,,,,,,,,,,,,,,,,,,,
,,,,,,,,,,,,,,,,,,,,,,,,,
,,,,,,,,,,,,,,,,,,,,,,,,,
,,,,,,,,,,,,,,,,,,,,,,,,,
,,,,,,,,,,,,,,,,,,,,,,,,,
,,,,,,,,,,,,,,,,,,,,,,,,,
,,,,,,,,,,,,,,,,,,,,,,,,,
,,,,,,,,,,,,,,,,,,,,,,,,,
,,,,,,,,,,,,,,,,,,,,,,,,,
,,,,,,,,,,,,,,,,,,,,,,,,,
,,,,,,,,,,,,,,,,,,,,,,,,,
,,,,,,,,,,,,,,,,,,,,,,,,,
,,,,,,,,,,,,,,,,,,,,,,,,,
,,,,,,,,,,,,,,,,,,,,,,,,,
,,,,,,,,,,,,,,,,,,,,,,,,,
,,,,,,,,,,,,,,,,,,,,,,,,,
,,,,,,,,,,,,,,,,,,,,,,,,,
,,,,,,,,,,,,,,,,,,,,,,,,,
,,,,,,,,,,,,,,,,,,,,,,,,,
,,,,,,,,,,,,,,,,,,,,,,,,,
,,,,,,,,,,,,,,,,,,,,,,,,,
,,,,,,,,,,,,,,,,,,,,,,,,,
,,,,,,,,,,,,,,,,,,,,,,,,,
,,,,,,,,,,,,,,,,,,,,,,,,,
,,,,,,,,,,,,,,,,,,,,,,,,,
,,,,,,,,,,,,,,,,,,,,,,,,,
,,,,,,,,,,,,,,,,,,,,,,,,,
,,,,,,,,,,,,,,,,,,,,,,,,,
,,,,,,,,,,,,,,,,,,,,,,,,,
,,,,,,,,,,,,,,,,,,,,,,,,,
,,,,,,,,,,,,,,,,,,,,,,,,,
,,,,,,,,,,,,,,,,,,,,,,,,,
,,,,,,,,,,,,,,,,,,,,,,,,,
,,,,,,,,,,,,,,,,,,,,,,,,,
,,,,,,,,,,,,,,,,,,,,,,,,,
,,,,,,,,,,,,,,,,,,,,,,,,,
,,,,,,,,,,,,,,,,,,,,,,,,,
,,,,,,,,,,,,,,,,,,,,,,,,,
,,,,,,,,,,,,,,,,,,,,,,,,,
,,,,,,,,,,,,,,,,,,,,,,,,,
,,,,,,,,,,,,,,,,,,,,,,,,,
,,,,,,,,,,,,,,,,,,,,,,,,,
,,,,,,,,,,,,,,,,,,,,,,,,,
,,,,,,,,,,,,,,,,,,,,,,,,,
,,,,,,,,,,,,,,,,,,,,,,,,,
,,,,,,,,,,,,,,,,,,,,,,,,,
,,,,,,,,,,,,,,,,,,,,,,,,,
,,,,,,,,,,,,,,,,,,,,,,,,,
,,,,,,,,,,,,,,,,,,,,,,,,,
,,,,,,,,,,,,,,,,,,,,,,,,,
,,,,,,,,,,,,,,,,,,,,,,,,,
,,,,,,,,,,,,,,,,,,,,,,,,,
,,,,,,,,,,,,,,,,,,,,,,,,,
,,,,,,,,,,,,,,,,,,,,,,,,,
,,,,,,,,,,,,,,,,,,,,,,,,,
,,,,,,,,,,,,,,,,,,,,,,,,,
,,,,,,,,,,,,,,,,,,,,,,,,,
,,,,,,,,,,,,,,,,,,,,,,,,,
,,,,,,,,,,,,,,,,,,,,,,,,,
,,,,,,,,,,,,,,,,,,,,,,,,,
,,,,,,,,,,,,,,,,,,,,,,,,,
,,,,,,,,,,,,,,,,,,,,,,,,,
,,,,,,,,,,,,,,,,,,,,,,,,,
,,,,,,,,,,,,,,,,,,,,,,,,,
,,,,,,,,,,,,,,,,,,,,,,,,,
,,,,,,,,,,,,,,,,,,,,,,,,,
,,,,,,,,,,,,,,,,,,,,,,,,,
,,,,,,,,,,,,,,,,,,,,,,,,,
,,,,,,,,,,,,,,,,,,,,,,,,,
,,,,,,,,,,,,,,,,,,,,,,,,,
,,,,,,,,,,,,,,,,,,,,,,,,,
,,,,,,,,,,,,,,,,,,,,,,,,,
,,,,,,,,,,,,,,,,,,,,,,,,,
,,,,,,,,,,,,,,,,,,,,,,,,,
,,,,,,,,,,,,,,,,,,,,,,,,,
,,,,,,,,,,,,,,,,,,,,,,,,,
,,,,,,,,,,,,,,,,,,,,,,,,,
,,,,,,,,,,,,,,,,,,,,,,,,,
,,,,,,,,,,,,,,,,,,,,,,,,,
,,,,,,,,,,,,,,,,,,,,,,,,,
,,,,,,,,,,,,,,,,,,,,,,,,,
,,,,,,,,,,,,,,,,,,,,,,,,,
,,,,,,,,,,,,,,,,,,,,,,,,,
,,,,,,,,,,,,,,,,,,,,,,,,,
,,,,,,,,,,,,,,,,,,,,,,,,,
,,,,,,,,,,,,,,,,,,,,,,,,,
,,,,,,,,,,,,,,,,,,,,,,,,,
,,,,,,,,,,,,,,,,,,,,,,,,,
,,,,,,,,,,,,,,,,,,,,,,,,,
,,,,,,,,,,,,,,,,,,,,,,,,,
,,,,,,,,,,,,,,,,,,,,,,,,,
,,,,,,,,,,,,,,,,,,,,,,,,,
,,,,,,,,,,,,,,,,,,,,,,,,,
,,,,,,,,,,,,,,,,,,,,,,,,,
,,,,,,,,,,,,,,,,,,,,,,,,,
,,,,,,,,,,,,,,,,,,,,,,,,,
,,,,,,,,,,,,,,,,,,,,,,,,,
,,,,,,,,,,,,,,,,,,,,,,,,,
,,,,,,,,,,,,,,,,,,,,,,,,,
,,,,,,,,,,,,,,,,,,,,,,,,,
,,,,,,,,,,,,,,,,,,,,,,,,,
,,,,,,,,,,,,,,,,,,,,,,,,,
,,,,,,,,,,,,,,,,,,,,,,,,,
,,,,,,,,,,,,,,,,,,,,,,,,,
,,,,,,,,,,,,,,,,,,,,,,,,,
,,,,,,,,,,,,,,,,,,,,,,,,,
,,,,,,,,,,,,,,,,,,,,,,,,,
,,,,,,,,,,,,,,,,,,,,,,,,,
,,,,,,,,,,,,,,,,,,,,,,,,,
,,,,,,,,,,,,,,,,,,,,,,,,,
,,,,,,,,,,,,,,,,,,,,,,,,,
,,,,,,,,,,,,,,,,,,,,,,,,,
,,,,,,,,,,,,,,,,,,,,,,,,,
,,,,,,,,,,,,,,,,,,,,,,,,,
,,,,,,,,,,,,,,,,,,,,,,,,,
,,,,,,,,,,,,,,,,,,,,,,,,,
,,,,,,,,,,,,,,,,,,,,,,,,,
,,,,,,,,,,,,,,,,,,,,,,,,,
,,,,,,,,,,,,,,,,,,,,,,,,,
,,,,,,,,,,,,,,,,,,,,,,,,,
,,,,,,,,,,,,,,,,,,,,,,,,,
,,,,,,,,,,,,,,,,,,,,,,,,,
,,,,,,,,,,,,,,,,,,,,,,,,,
,,,,,,,,,,,,,,,,,,,,,,,,,
,,,,,,,,,,,,,,,,,,,,,,,,,
,,,,,,,,,,,,,,,,,,,,,,,,,
,,,,,,,,,,,,,,,,,,,,,,,,,
,,,,,,,,,,,,,,,,,,,,,,,,,
,,,,,,,,,,,,,,,,,,,,,,,,,
,,,,,,,,,,,,,,,,,,,,,,,,,
,,,,,,,,,,,,,,,,,,,,,,,,,
,,,,,,,,,,,,,,,,,,,,,,,,,
,,,,,,,,,,,,,,,,,,,,,,,,,
,,,,,,,,,,,,,,,,,,,,,,,,,
,,,,,,,,,,,,,,,,,,,,,,,,,
,,,,,,,,,,,,,,,,,,,,,,,,,
,,,,,,,,,,,,,,,,,,,,,,,,,
,,,,,,,,,,,,,,,,,,,,,,,,,
,,,,,,,,,,,,,,,,,,,,,,,,,
,,,,,,,,,,,,,,,,,,,,,,,,,
,,,,,,,,,,,,,,,,,,,,,,,,,
,,,,,,,,,,,,,,,,,,,,,,,,,
,,,,,,,,,,,,,,,,,,,,,,,,,
,,,,,,,,,,,,,,,,,,,,,,,,,
,,,,,,,,,,,,,,,,,,,,,,,,,
,,,,,,,,,,,,,,,,,,,,,,,,,
,,,,,,,,,,,,,,,,,,,,,,,,,
,,,,,,,,,,,,,,,,,,,,,,,,,
,,,,,,,,,,,,,,,,,,,,,,,,,
,,,,,,,,,,,,,,,,,,,,,,,,,
,,,,,,,,,,,,,,,,,,,,,,,,,
,,,,,,,,,,,,,,,,,,,,,,,,,
,,,,,,,,,,,,,,,,,,,,,,,,,
,,,,,,,,,,,,,,,,,,,,,,,,,
,,,,,,,,,,,,,,,,,,,,,,,,,
,,,,,,,,,,,,,,,,,,,,,,,,,
,,,,,,,,,,,,,,,,,,,,,,,,,
,,,,,,,,,,,,,,,,,,,,,,,,,
,,,,,,,,,,,,,,,,,,,,,,,,,
,,,,,,,,,,,,,,,,,,,,,,,,,
,,,,,,,,,,,,,,,,,,,,,,,,,
,,,,,,,,,,,,,,,,,,,,,,,,,
,,,,,,,,,,,,,,,,,,,,,,,,,
,,,,,,,,,,,,,,,,,,,,,,,,,
,,,,,,,,,,,,,,,,,,,,,,,,,
,,,,,,,,,,,,,,,,,,,,,,,,,
,,,,,,,,,,,,,,,,,,,,,,,,,
,,,,,,,,,,,,,,,,,,,,,,,,,
,,,,,,,,,,,,,,,,,,,,,,,,,
,,,,,,,,,,,,,,,,,,,,,,,,,
,,,,,,,,,,,,,,,,,,,,,,,,,
,,,,,,,,,,,,,,,,,,,,,,,,,
,,,,,,,,,,,,,,,,,,,,,,,,,
,,,,,,,,,,,,,,,,,,,,,,,,,
,,,,,,,,,,,,,,,,,,,,,,,,,
,,,,,,,,,,,,,,,,,,,,,,,,,
,,,,,,,,,,,,,,,,,,,,,,,,,
,,,,,,,,,,,,,,,,,,,,,,,,,
,,,,,,,,,,,,,,,,,,,,,,,,,
,,,,,,,,,,,,,,,,,,,,,,,,,
,,,,,,,,,,,,,,,,,,,,,,,,,
,,,,,,,,,,,,,,,,,,,,,,,,,
,,,,,,,,,,,,,,,,,,,,,,,,,
,,,,,,,,,,,,,,,,,,,,,,,,,
,,,,,,,,,,,,,,,,,,,,,,,,,
,,,,,,,,,,,,,,,,,,,,,,,,,
,,,,,,,,,,,,,,,,,,,,,,,,,
,,,,,,,,,,,,,,,,,,,,,,,,,
,,,,,,,,,,,,,,,,,,,,,,,,,
,,,,,,,,,,,,,,,,,,,,,,,,,
,,,,,,,,,,,,,,,,,,,,,,,,,
,,,,,,,,,,,,,,,,,,,,,,,,,
,,,,,,,,,,,,,,,,,,,,,,,,,
,,,,,,,,,,,,,,,,,,,,,,,,,
,,,,,,,,,,,,,,,,,,,,,,,,,
,,,,,,,,,,,,,,,,,,,,,,,,,
,,,,,,,,,,,,,,,,,,,,,,,,,
,,,,,,,,,,,,,,,,,,,,,,,,,
,,,,,,,,,,,,,,,,,,,,,,,,,
,,,,,,,,,,,,,,,,,,,,,,,,,
,,,,,,,,,,,,,,,,,,,,,,,,,
,,,,,,,,,,,,,,,,,,,,,,,,,
,,,,,,,,,,,,,,,,,,,,,,,,,
,,,,,,,,,,,,,,,,,,,,,,,,,
,,,,,,,,,,,,,,,,,,,,,,,,,
,,,,,,,,,,,,,,,,,,,,,,,,,
,,,,,,,,,,,,,,,,,,,,,,,,,
,,,,,,,,,,,,,,,,,,,,,,,,,
,,,,,,,,,,,,,,,,,,,,,,,,,
,,,,,,,,,,,,,,,,,,,,,,,,,
,,,,,,,,,,,,,,,,,,,,,,,,,
,,,,,,,,,,,,,,,,,,,,,,,,,
,,,,,,,,,,,,,,,,,,,,,,,,,
,,,,,,,,,,,,,,,,,,,,,,,,,
,,,,,,,,,,,,,,,,,,,,,,,,,
,,,,,,,,,,,,,,,,,,,,,,,,,
,,,,,,,,,,,,,,,,,,,,,,,,,
,,,,,,,,,,,,,,,,,,,,,,,,,
,,,,,,,,,,,,,,,,,,,,,,,,,
,,,,,,,,,,,,,,,,,,,,,,,,,
,,,,,,,,,,,,,,,,,,,,,,,,,
,,,,,,,,,,,,,,,,,,,,,,,,,
,,,,,,,,,,,,,,,,,,,,,,,,,
,,,,,,,,,,,,,,,,,,,,,,,,,
,,,,,,,,,,,,,,,,,,,,,,,,,
,,,,,,,,,,,,,,,,,,,,,,,,,
,,,,,,,,,,,,,,,,,,,,,,,,,
,,,,,,,,,,,,,,,,,,,,,,,,,
,,,,,,,,,,,,,,,,,,,,,,,,,
,,,,,,,,,,,,,,,,,,,,,,,,,
,,,,,,,,,,,,,,,,,,,,,,,,,
,,,,,,,,,,,,,,,,,,,,,,,,,
,,,,,,,,,,,,,,,,,,,,,,,,,
,,,,,,,,,,,,,,,,,,,,,,,,,
,,,,,,,,,,,,,,,,,,,,,,,,,
,,,,,,,,,,,,,,,,,,,,,,,,,
,,,,,,,,,,,,,,,,,,,,,,,,,
,,,,,,,,,,,,,,,,,,,,,,,,,
,,,,,,,,,,,,,,,,,,,,,,,,,
,,,,,,,,,,,,,,,,,,,,,,,,,
,,,,,,,,,,,,,,,,,,,,,,,,,
,,,,,,,,,,,,,,,,,,,,,,,,,
,,,,,,,,,,,,,,,,,,,,,,,,,
,,,,,,,,,,,,,,,,,,,,,,,,,
,,,,,,,,,,,,,,,,,,,,,,,,,
,,,,,,,,,,,,,,,,,,,,,,,,,
,,,,,,,,,,,,,,,,,,,,,,,,,
,,,,,,,,,,,,,,,,,,,,,,,,,
,,,,,,,,,,,,,,,,,,,,,,,,,
,,,,,,,,,,,,,,,,,,,,,,,,,
,,,,,,,,,,,,,,,,,,,,,,,,,
,,,,,,,,,,,,,,,,,,,,,,,,,
,,,,,,,,,,,,,,,,,,,,,,,,,
,,,,,,,,,,,,,,,,,,,,,,,,,
,,,,,,,,,,,,,,,,,,,,,,,,,
,,,,,,,,,,,,,,,,,,,,,,,,,
,,,,,,,,,,,,,,,,,,,,,,,,,
,,,,,,,,,,,,,,,,,,,,,,,,,
,,,,,,,,,,,,,,,,,,,,,,,,,
,,,,,,,,,,,,,,,,,,,,,,,,,
,,,,,,,,,,,,,,,,,,,,,,,,,
,,,,,,,,,,,,,,,,,,,,,,,,,
,,,,,,,,,,,,,,,,,,,,,,,,,
,,,,,,,,,,,,,,,,,,,,,,,,,
,,,,,,,,,,,,,,,,,,,,,,,,,
,,,,,,,,,,,,,,,,,,,,,,,,,
,,,,,,,,,,,,,,,,,,,,,,,,,
,,,,,,,,,,,,,,,,,,,,,,,,,
,,,,,,,,,,,,,,,,,,,,,,,,,
,,,,,,,,,,,,,,,,,,,,,,,,,
,,,,,,,,,,,,,,,,,,,,,,,,,
,,,,,,,,,,,,,,,,,,,,,,,,,
,,,,,,,,,,,,,,,,,,,,,,,,,
,,,,,,,,,,,,,,,,,,,,,,,,,
,,,,,,,,,,,,,,,,,,,,,,,,,
,,,,,,,,,,,,,,,,,,,,,,,,,
,,,,,,,,,,,,,,,,,,,,,,,,,
,,,,,,,,,,,,,,,,,,,,,,,,,
,,,,,,,,,,,,,,,,,,,,,,,,,
,,,,,,,,,,,,,,,,,,,,,,,,,
,,,,,,,,,,,,,,,,,,,,,,,,,
,,,,,,,,,,,,,,,,,,,,,,,,,
,,,,,,,,,,,,,,,,,,,,,,,,,
,,,,,,,,,,,,,,,,,,,,,,,,,
,,,,,,,,,,,,,,,,,,,,,,,,,
,,,,,,,,,,,,,,,,,,,,,,,,,
,,,,,,,,,,,,,,,,,,,,,,,,,
,,,,,,,,,,,,,,,,,,,,,,,,,
,,,,,,,,,,,,,,,,,,,,,,,,,
,,,,,,,,,,,,,,,,,,,,,,,,,
,,,,,,,,,,,,,,,,,,,,,,,,,
,,,,,,,,,,,,,,,,,,,,,,,,,
,,,,,,,,,,,,,,,,,,,,,,,,,
,,,,,,,,,,,,,,,,,,,,,,,,,
,,,,,,,,,,,,,,,,,,,,,,,,,
,,,,,,,,,,,,,,,,,,,,,,,,,
,,,,,,,,,,,,,,,,,,,,,,,,,
,,,,,,,,,,,,,,,,,,,,,,,,,
,,,,,,,,,,,,,,,,,,,,,,,,,
,,,,,,,,,,,,,,,,,,,,,,,,,
,,,,,,,,,,,,,,,,,,,,,,,,,
,,,,,,,,,,,,,,,,,,,,,,,,,
,,,,,,,,,,,,,,,,,,,,,,,,,
,,,,,,,,,,,,,,,,,,,,,,,,,
,,,,,,,,,,,,,,,,,,,,,,,,,
,,,,,,,,,,,,,,,,,,,,,,,,,
,,,,,,,,,,,,,,,,,,,,,,,,,
,,,,,,,,,,,,,,,,,,,,,,,,,
,,,,,,,,,,,,,,,,,,,,,,,,,
,,,,,,,,,,,,,,,,,,,,,,,,,
,,,,,,,,,,,,,,,,,,,,,,,,,
,,,,,,,,,,,,,,,,,,,,,,,,,
,,,,,,,,,,,,,,,,,,,,,,,,,
,,,,,,,,,,,,,,,,,,,,,,,,,
,,,,,,,,,,,,,,,,,,,,,,,,,
,,,,,,,,,,,,,,,,,,,,,,,,,
,,,,,,,,,,,,,,,,,,,,,,,,,
,,,,,,,,,,,,,,,,,,,,,,,,,
,,,,,,,,,,,,,,,,,,,,,,,,,
,,,,,,,,,,,,,,,,,,,,,,,,,
,,,,,,,,,,,,,,,,,,,,,,,,,
,,,,,,,,,,,,,,,,,,,,,,,,,
,,,,,,,,,,,,,,,,,,,,,,,,,
,,,,,,,,,,,,,,,,,,,,,,,,,
,,,,,,,,,,,,,,,,,,,,,,,,,
,,,,,,,,,,,,,,,,,,,,,,,,,
,,,,,,,,,,,,,,,,,,,,,,,,,
,,,,,,,,,,,,,,,,,,,,,,,,,
,,,,,,,,,,,,,,,,,,,,,,,,,
,,,,,,,,,,,,,,,,,,,,,,,,,
,,,,,,,,,,,,,,,,,,,,,,,,,
,,,,,,,,,,,,,,,,,,,,,,,,,
,,,,,,,,,,,,,,,,,,,,,,,,,
,,,,,,,,,,,,,,,,,,,,,,,,,
,,,,,,,,,,,,,,,,,,,,,,,,,
,,,,,,,,,,,,,,,,,,,,,,,,,
,,,,,,,,,,,,,,,,,,,,,,,,,
,,,,,,,,,,,,,,,,,,,,,,,,,
,,,,,,,,,,,,,,,,,,,,,,,,,
,,,,,,,,,,,,,,,,,,,,,,,,,
,,,,,,,,,,,,,,,,,,,,,,,,,
,,,,,,,,,,,,,,,,,,,,,,,,,
,,,,,,,,,,,,,,,,,,,,,,,,,
,,,,,,,,,,,,,,,,,,,,,,,,,
,,,,,,,,,,,,,,,,,,,,,,,,,
,,,,,,,,,,,,,,,,,,,,,,,,,
,,,,,,,,,,,,,,,,,,,,,,,,,
,,,,,,,,,,,,,,,,,,,,,,,,,
,,,,,,,,,,,,,,,,,,,,,,,,,
,,,,,,,,,,,,,,,,,,,,,,,,,
,,,,,,,,,,,,,,,,,,,,,,,,,
,,,,,,,,,,,,,,,,,,,,,,,,,
,,,,,,,,,,,,,,,,,,,,,,,,,
,,,,,,,,,,,,,,,,,,,,,,,,,
,,,,,,,,,,,,,,,,,,,,,,,,,
,,,,,,,,,,,,,,,,,,,,,,,,,
,,,,,,,,,,,,,,,,,,,,,,,,,
,,,,,,,,,,,,,,,,,,,,,,,,,
,,,,,,,,,,,,,,,,,,,,,,,,,
,,,,,,,,,,,,,,,,,,,,,,,,,
,,,,,,,,,,,,,,,,,,,,,,,,,
,,,,,,,,,,,,,,,,,,,,,,,,,
,,,,,,,,,,,,,,,,,,,,,,,,,
,,,,,,,,,,,,,,,,,,,,,,,,,
,,,,,,,,,,,,,,,,,,,,,,,,,
,,,,,,,,,,,,,,,,,,,,,,,,,
,,,,,,,,,,,,,,,,,,,,,,,,,
,,,,,,,,,,,,,,,,,,,,,,,,,
,,,,,,,,,,,,,,,,,,,,,,,,,
,,,,,,,,,,,,,,,,,,,,,,,,,
,,,,,,,,,,,,,,,,,,,,,,,,,
,,,,,,,,,,,,,,,,,,,,,,,,,
,,,,,,,,,,,,,,,,,,,,,,,,,
,,,,,,,,,,,,,,,,,,,,,,,,,
,,,,,,,,,,,,,,,,,,,,,,,,,
,,,,,,,,,,,,,,,,,,,,,,,,,
,,,,,,,,,,,,,,,,,,,,,,,,,
,,,,,,,,,,,,,,,,,,,,,,,,,
,,,,,,,,,,,,,,,,,,,,,,,,,
,,,,,,,,,,,,,,,,,,,,,,,,,
,,,,,,,,,,,,,,,,,,,,,,,,,
,,,,,,,,,,,,,,,,,,,,,,,,,
,,,,,,,,,,,,,,,,,,,,,,,,,
,,,,,,,,,,,,,,,,,,,,,,,,,
,,,,,,,,,,,,,,,,,,,,,,,,,
,,,,,,,,,,,,,,,,,,,,,,,,,
,,,,,,,,,,,,,,,,,,,,,,,,,
,,,,,,,,,,,,,,,,,,,,,,,,,
,,,,,,,,,,,,,,,,,,,,,,,,,
,,,,,,,,,,,,,,,,,,,,,,,,,
,,,,,,,,,,,,,,,,,,,,,,,,,
,,,,,,,,,,,,,,,,,,,,,,,,,
,,,,,,,,,,,,,,,,,,,,,,,,,
,,,,,,,,,,,,,,,,,,,,,,,,,
,,,,,,,,,,,,,,,,,,,,,,,,,
,,,,,,,,,,,,,,,,,,,,,,,,,
,,,,,,,,,,,,,,,,,,,,,,,,,
,,,,,,,,,,,,,,,,,,,,,,,,,
,,,,,,,,,,,,,,,,,,,,,,,,,
,,,,,,,,,,,,,,,,,,,,,,,,,
,,,,,,,,,,,,,,,,,,,,,,,,,
,,,,,,,,,,,,,,,,,,,,,,,,,
,,,,,,,,,,,,,,,,,,,,,,,,,
,,,,,,,,,,,,,,,,,,,,,,,,,
,,,,,,,,,,,,,,,,,,,,,,,,,
,,,,,,,,,,,,,,,,,,,,,,,,,
,,,,,,,,,,,,,,,,,,,,,,,,,
,,,,,,,,,,,,,,,,,,,,,,,,,
,,,,,,,,,,,,,,,,,,,,,,,,,
,,,,,,,,,,,,,,,,,,,,,,,,,
,,,,,,,,,,,,,,,,,,,,,,,,,
,,,,,,,,,,,,,,,,,,,,,,,,,
,,,,,,,,,,,,,,,,,,,,,,,,,
,,,,,,,,,,,,,,,,,,,,,,,,,
,,,,,,,,,,,,,,,,,,,,,,,,,
,,,,,,,,,,,,,,,,,,,,,,,,,
,,,,,,,,,,,,,,,,,,,,,,,,,
,,,,,,,,,,,,,,,,,,,,,,,,,
,,,,,,,,,,,,,,,,,,,,,,,,,
,,,,,,,,,,,,,,,,,,,,,,,,,
,,,,,,,,,,,,,,,,,,,,,,,,,
,,,,,,,,,,,,,,,,,,,,,,,,,
,,,,,,,,,,,,,,,,,,,,,,,,,
,,,,,,,,,,,,,,,,,,,,,,,,,
,,,,,,,,,,,,,,,,,,,,,,,,,
,,,,,,,,,,,,,,,,,,,,,,,,,
,,,,,,,,,,,,,,,,,,,,,,,,,
,,,,,,,,,,,,,,,,,,,,,,,,,
,,,,,,,,,,,,,,,,,,,,,,,,,
,,,,,,,,,,,,,,,,,,,,,,,,,
,,,,,,,,,,,,,,,,,,,,,,,,,
,,,,,,,,,,,,,,,,,,,,,,,,,
,,,,,,,,,,,,,,,,,,,,,,,,,
,,,,,,,,,,,,,,,,,,,,,,,,,
,,,,,,,,,,,,,,,,,,,,,,,,,
,,,,,,,,,,,,,,,,,,,,,,,,,
,,,,,,,,,,,,,,,,,,,,,,,,,
,,,,,,,,,,,,,,,,,,,,,,,,,
,,,,,,,,,,,,,,,,,,,,,,,,,
,,,,,,,,,,,,,,,,,,,,,,,,,
,,,,,,,,,,,,,,,,,,,,,,,,,
,,,,,,,,,,,,,,,,,,,,,,,,,
,,,,,,,,,,,,,,,,,,,,,,,,,
,,,,,,,,,,,,,,,,,,,,,,,,,
,,,,,,,,,,,,,,,,,,,,,,,,,
,,,,,,,,,,,,,,,,,,,,,,,,,
,,,,,,,,,,,,,,,,,,,,,,,,,
,,,,,,,,,,,,,,,,,,,,,,,,,
,,,,,,,,,,,,,,,,,,,,,,,,,
,,,,,,,,,,,,,,,,,,,,,,,,,
,,,,,,,,,,,,,,,,,,,,,,,,,
,,,,,,,,,,,,,,,,,,,,,,,,,
,,,,,,,,,,,,,,,,,,,,,,,,,
,,,,,,,,,,,,,,,,,,,,,,,,,
,,,,,,,,,,,,,,,,,,,,,,,,,
,,,,,,,,,,,,,,,,,,,,,,,,,
,,,,,,,,,,,,,,,,,,,,,,,,,
,,,,,,,,,,,,,,,,,,,,,,,,,
,,,,,,,,,,,,,,,,,,,,,,,,,
,,,,,,,,,,,,,,,,,,,,,,,,,
,,,,,,,,,,,,,,,,,,,,,,,,,
,,,,,,,,,,,,,,,,,,,,,,,,,
,,,,,,,,,,,,,,,,,,,,,,,,,
,,,,,,,,,,,,,,,,,,,,,,,,,
,,,,,,,,,,,,,,,,,,,,,,,,,
,,,,,,,,,,,,,,,,,,,,,,,,,
,,,,,,,,,,,,,,,,,,,,,,,,,
,,,,,,,,,,,,,,,,,,,,,,,,,
,,,,,,,,,,,,,,,,,,,,,,,,,
,,,,,,,,,,,,,,,,,,,,,,,,,
,,,,,,,,,,,,,,,,,,,,,,,,,
,,,,,,,,,,,,,,,,,,,,,,,,,
,,,,,,,,,,,,,,,,,,,,,,,,,
,,,,,,,,,,,,,,,,,,,,,,,,,
,,,,,,,,,,,,,,,,,,,,,,,,,
,,,,,,,,,,,,,,,,,,,,,,,,,
,,,,,,,,,,,,,,,,,,,,,,,,,
,,,,,,,,,,,,,,,,,,,,,,,,,
,,,,,,,,,,,,,,,,,,,,,,,,,
,,,,,,,,,,,,,,,,,,,,,,,,,
,,,,,,,,,,,,,,,,,,,,,,,,,
,,,,,,,,,,,,,,,,,,,,,,,,,
,,,,,,,,,,,,,,,,,,,,,,,,,
,,,,,,,,,,,,,,,,,,,,,,,,,
,,,,,,,,,,,,,,,,,,,,,,,,,
,,,,,,,,,,,,,,,,,,,,,,,,,
,,,,,,,,,,,,,,,,,,,,,,,,,
,,,,,,,,,,,,,,,,,,,,,,,,,
,,,,,,,,,,,,,,,,,,,,,,,,,
,,,,,,,,,,,,,,,,,,,,,,,,,
,,,,,,,,,,,,,,,,,,,,,,,,,
,,,,,,,,,,,,,,,,,,,,,,,,,
,,,,,,,,,,,,,,,,,,,,,,,,,
,,,,,,,,,,,,,,,,,,,,,,,,,
,,,,,,,,,,,,,,,,,,,,,,,,,
,,,,,,,,,,,,,,,,,,,,,,,,,
,,,,,,,,,,,,,,,,,,,,,,,,,
,,,,,,,,,,,,,,,,,,,,,,,,,
,,,,,,,,,,,,,,,,,,,,,,,,,
,,,,,,,,,,,,,,,,,,,,,,,,,
,,,,,,,,,,,,,,,,,,,,,,,,,
,,,,,,,,,,,,,,,,,,,,,,,,,
,,,,,,,,,,,,,,,,,,,,,,,,,
,,,,,,,,,,,,,,,,,,,,,,,,,
,,,,,,,,,,,,,,,,,,,,,,,,,
,,,,,,,,,,,,,,,,,,,,,,,,,
,,,,,,,,,,,,,,,,,,,,,,,,,
,,,,,,,,,,,,,,,,,,,,,,,,,
,,,,,,,,,,,,,,,,,,,,,,,,,
,,,,,,,,,,,,,,,,,,,,,,,,,
,,,,,,,,,,,,,,,,,,,,,,,,,
,,,,,,,,,,,,,,,,,,,,,,,,,
,,,,,,,,,,,,,,,,,,,,,,,,,
,,,,,,,,,,,,,,,,,,,,,,,,,
,,,,,,,,,,,,,,,,,,,,,,,,,
,,,,,,,,,,,,,,,,,,,,,,,,,
,,,,,,,,,,,,,,,,,,,,,,,,,
,,,,,,,,,,,,,,,,,,,,,,,,,
,,,,,,,,,,,,,,,,,,,,,,,,,
,,,,,,,,,,,,,,,,,,,,,,,,,
,,,,,,,,,,,,,,,,,,,,,,,,,
,,,,,,,,,,,,,,,,,,,,,,,,,
,,,,,,Super unstable values!,,,,,,,,,,,,,,,,,,,
,,,,,,,,,,,,,,,,,,,,,,,,,
,,,,,,,,,,,,,,,,,,,,,,,,,
,,,,,,,,,,,,,,,,,,,,,,,,,
,,,,,,,,,,,,,,,,,,,,,,,,,
,,,,,,,,,,,,,,,,,,,,,,,,,
,,,,,,,,,,,,,,,,,,,,,,,,,
,,,,,,,,,,,,,,,,,,,,,,,,,
,,,,,,,,,,,,,,,,,,,,,,,,,
,,,,,,,,,,,,,,,,,,,,,,,,,
,,,,,,,,,,,,,,,,,,,,,,,,,
,,,,,,,,,,,,,,,,,,,,,,,,,
,,,,,,,,,,,,,,,,,,,,,,,,,
,,,,,,,,,,,,,,,,,,,,,,,,,
,,,,,,,,,,,,,,,,,,,,,,,,,
,,,,,,,,,,,,,,,,,,,,,,,,,
,,,,,,,,,,,,,,,,,,,,,,,,,
,,,,,,,,,,,,,,,,,,,,,,,,,
,,,,,,,,,,,,,,,,,,,,,,,,,
,,,,,,,,,,,,,,,,,,,,,,,,,
,,,,,,,,,,,,,,,,,,,,,,,,,
,,,,,,,,,,,,,,,,,,,,,,,,,
,,,,,,,,,,,,,,,,,,,,,,,,,
,,,,,,,,,,,,,,,,,,,,,,,,,
,,,,,,,,,,,,,,,,,,,,,,,,,
,,,,,,,,,,,,,,,,,,,,,,,,,
,,,,,,,,,,,,,,,,,,,,,,,,,
,,,,,,,,,,,,,,,,,,,,,,,,,
,,,,,,,,,,,,,,,,,,,,,,,,,
,,,,,,,,,,,,,,,,,,,,,,,,,
,,,,,,,,,,,,,,,,,,,,,,,,,
,,,,,,,,,,,,,,,,,,,,,,,,,
,,,,,,,,,,,,,,,,,,,,,,,,,
,,,,,,,,,,,,,,,,,,,,,,,,,
,,,,,,,,,,,,,,,,,,,,,,,,,
,,,,,,,,,,,,,,,,,,,,,,,,,
,,,,,,,,,,,,,,,,,,,,,,,,,
,,,,,,,,,,,,,,,,,,,,,,,,,
,,,,,,,,,,,,,,,,,,,,,,,,,
,,,,,,,,,,,,,,,,,,,,,,,,,
,,,,,,,,,,,,,,,,,,,,,,,,,
,,,,,,,,,,,,,,,,,,,,,,,,,
,,,,,,,,,,,,,,,,,,,,,,,,,
,,,,,,,,,,,,,,,,,,,,,,,,,
,,,,,,,,,,,,,,,,,,,,,,,,,
,,,,,,,,,,,,,,,,,,,,,,,,,
,,,,,,,,,,,,,,,,,,,,,,,,,
,,,,,,,,,,,,,,,,,,,,,,,,,
,,,,,,,,,,,,,,,,,,,,,,,,,
,,,,,,,,,,,,,,,,,,,,,,,,,
,,,,,,,,,,,,,,,,,,,,,,,,,
,,,,,,,,,,,,,,,,,,,,,,,,,
,,,,,,,,,,,,,,,,,,,,,,,,,
,,,,,,,,,,,,,,,,,,,,,,,,,
,,,,,,,,,,,,,,,,,,,,,,,,,
,,,,,,,,,,,,,,,,,,,,,,,,,
,,,,,,,,,,,,,,,,,,,,,,,,,
,,,,,,,,,,,,,,,,,,,,,,,,,
,,,,,,,,,,,,,,,,,,,,,,,,,
,,,,,,,,,,,,,,,,,,,,,,,,,
,,,,,,,,,,,,,,,,,,,,,,,,,
,,,,,,,,,,,,,,,,,,,,,,,,,
,,,,,,,,,,,,,,,,,,,,,,,,,
,,,,,,,,,,,,,,,,,,,,,,,,,
,,,,,,,,,,,,,,,,,,,,,,,,,
,,,,,,,,,,,,,,,,,,,,,,,,,
,,,,,,,,,,,,,,,,,,,,,,,,,
,,,,,,,,,,,,,,,,,,,,,,,,,
,,,,,,,,,,,,,,,,,,,,,,,,,
,,,,,,,,,,,,,,,,,,,,,,,,,
,,,,,,,,,,,,,,,,,,,,,,,,,
,,,,,,,,,,,,,,,,,,,,,,,,,
,,,,,,,,,,,,,,,,,,,,,,,,,
,,,,,,,,,,,,,,,,,,,,,,,,,
,,,,,,,,,,,,,,,,,,,,,,,,,
,,,,,,,,,,,,,,,,,,,,,,,,,
,,,,,,,,,,,,,,,,,,,,,,,,,
,,,,,,,,,,,,,,,,,,,,,,,,,
,,,,,,,,,,,,,,,,,,,,,,,,,
,,,,,,,,,,,,,,,,,,,,,,,,,
,,,,,,,,,,,,,,,,,,,,,,,,,
,,,,,,,,,,,,,,,,,,,,,,,,,
,,,,,,,,,,,,,,,,,,,,,,,,,
,,,,,,,,,,,,,,,,,,,,,,,,,
,,,,,,,,,,,,,,,,,,,,,,,,,
,,,,,,,,,,,,,,,,,,,,,,,,,
,,,,,,,,,,,,,,,,,,,,,,,,,
,,,,,,,,,,,,,,,,,,,,,,,,,
,,,,,,,,,,,,,,,,,,,,,,,,,